id,school,mascot,abbreviation,alt_name1,alt_name2,alt_name3,conference,division,color,alt_color,logo,logos[1]
2000,Abilene Christian,Wildcats,ACU,,ACU,Abil Christian,,,#4F2170,#C4C6C8,http://a.espncdn.com/i/teamlogos/ncaa/500/2000.png,http://a.espncdn.com/i/teamlogos/ncaa/500-dark/2000.png
2001,Adams State,Grizzlies,ADST,,ADST,Adams St,,,#124734,#231F20,http://a.espncdn.com/i/teamlogos/ncaa/500/2001.png,http://a.espncdn.com/i/teamlogos/ncaa/500-dark/2001.png
2003,Adrian,Bulldogs,ADR,,ADR,Adrian,,,#000000,#FFC72C,http://a.espncdn.com/i/teamlogos/ncaa/500/2003.png,http://a.espncdn.com/i/teamlogos/ncaa/500-dark/2003.png
2005,Air Force,Falcons,AFA,,AFA,Air Force,Mountain West,Mountain,#003594,#B2B4B2,http://a.espncdn.com/i/teamlogos/ncaa/500/2005.png,http://a.espncdn.com/i/teamlogos/ncaa/500-dark/2005.png
2006,Akron,Zips,AKR,,AKR,Akron,Mid-American,East,#041E42,#A89968,http://a.espncdn.com/i/teamlogos/ncaa/500/2006.png,http://a.espncdn.com/i/teamlogos/ncaa/500-dark/2006.png
333,Alabama,Crimson Tide,ALA,,ALA,Alabama,SEC,West,#B30838,#FFFFFF,http://a.espncdn.com/i/teamlogos/ncaa/500/333.png,http://a.espncdn.com/i/teamlogos/ncaa/500-dark/333.png
2010,Alabama A&M,Bulldogs,AAMU,,AAMU,Alabama A&M,,,#660000,#000000,http://a.espncdn.com/i/teamlogos/ncaa/500/2010.png,http://a.espncdn.com/i/teamlogos/ncaa/500-dark/2010.png
2011,Alabama State,Hornets,ALST,,ALST,Alabama State,,,#000000,#C99700,http://a.espncdn.com/i/teamlogos/ncaa/500/2011.png,http://a.espncdn.com/i/teamlogos/ncaa/500-dark/2011.png
399,Albany,Great Danes,ALBY,,ALBY,Albany,,,#46166B,#EEB211,http://a.espncdn.com/i/teamlogos/ncaa/500/399.png,http://a.espncdn.com/i/teamlogos/ncaa/500-dark/399.png
2013,Albany State (GA),Golden Rams,ALB,,ALB,Albany St (GA),,,#0039A6,#EAAB00,http://a.espncdn.com/i/teamlogos/ncaa/500/2013.png,http://a.espncdn.com/i/teamlogos/ncaa/500-dark/2013.png
2790,Albion,Britons,ALBI,,ALBI,Albion,,,#512D6D,#EAAA00,http://a.espncdn.com/i/teamlogos/ncaa/500/2790.png,http://a.espncdn.com/i/teamlogos/ncaa/500-dark/2790.png
2015,Albright,Lions,ALB,,ALB,Albright,,,#BA0C2F,#010101,http://a.espncdn.com/i/teamlogos/ncaa/500/2015.png,http://a.espncdn.com/i/teamlogos/ncaa/500-dark/2015.png
2016,Alcorn State,Braves,ALCN,,ALCN,Alcorn State,,,#512D6D,#CC8A00,http://a.espncdn.com/i/teamlogos/ncaa/500/2016.png,http://a.espncdn.com/i/teamlogos/ncaa/500-dark/2016.png
2017,Alderson-Broaddus,Battlers,ABC,,ABC,Ald.-Broaddus,,,#003865,#888B8D,http://a.espncdn.com/i/teamlogos/ncaa/500/2017.png,http://a.espncdn.com/i/teamlogos/ncaa/500-dark/2017.png
365,Alfred,Saxons,ALF,,ALF,Alfred,,,#550D8A,#F5AA01,http://a.espncdn.com/i/teamlogos/ncaa/500/365.png,http://a.espncdn.com/i/teamlogos/ncaa/500-dark/365.png
3162,Alfred State College,Pioneers,ASC,,ASC,Alfred St,,,#003C71,#FFCD00,http://a.espncdn.com/i/teamlogos/ncaa/500/3162.png,http://a.espncdn.com/i/teamlogos/ncaa/500-dark/3162.png
2018,Allegheny,Golden Gators,ALL,,ALL,Allegheny,,,#0C2340,#FFC72C,http://a.espncdn.com/i/teamlogos/ncaa/500/2018.png,http://a.espncdn.com/i/teamlogos/ncaa/500-dark/2018.png
2800,Alma College,Scots,ALM,,ALM,Alma College,,,#862633,#010101,http://a.espncdn.com/i/teamlogos/ncaa/500/2800.png,http://a.espncdn.com/i/teamlogos/ncaa/500-dark/2800.png
2022,American International,Yellow Jackets,AIC,,AIC,American Intl.,,,#000000,#FFB60F,http://a.espncdn.com/i/teamlogos/ncaa/500/2022.png,http://a.espncdn.com/i/teamlogos/ncaa/500-dark/2022.png
7,Amherst College,Mammoths,AMH,Amherst,AMH,Amherst,,,#3F1F69,#FFFFFF,http://a.espncdn.com/i/teamlogos/ncaa/500/7.png,http://a.espncdn.com/i/teamlogos/ncaa/500-dark/7.png
2023,Anderson (IN),Ravens,AND,,AND,Anderson (IN),,,#FE5000,#010101,http://a.espncdn.com/i/teamlogos/ncaa/500/2023.png,http://a.espncdn.com/i/teamlogos/ncaa/500-dark/2023.png
2025,Angelo State,Rams,ANG,,ANG,Angelo St,,,#245397,#F0C33B,http://a.espncdn.com/i/teamlogos/ncaa/500/2025.png,http://a.espncdn.com/i/teamlogos/ncaa/500-dark/2025.png
15,Anna Maria College,Amcats,ANN,,ANN,Anna Maria,,,#8A1538,#000000,http://a.espncdn.com/i/teamlogos/ncaa/500/15.png,http://a.espncdn.com/i/teamlogos/ncaa/500-dark/15.png
2026,Appalachian State,Mountaineers,APP,,APP,Appalachian St,Sun Belt,,#222222,#FFCC00,http://a.espncdn.com/i/teamlogos/ncaa/500/2026.png,http://a.espncdn.com/i/teamlogos/ncaa/500-dark/2026.png
3111,Apprentice School,Builders,APP,,APP,Apprentice School,,,#7D2248,#8C714C,http://a.espncdn.com/i/teamlogos/ncaa/500/3111.png,http://a.espncdn.com/i/teamlogos/ncaa/500-dark/3111.png
12,Arizona,Wildcats,ARIZ,,ARIZ,Arizona,Pac-12,South,#AB0520,#0C234B,http://a.espncdn.com/i/teamlogos/ncaa/500/12.png,http://a.espncdn.com/i/teamlogos/ncaa/500-dark/12.png
108358,Arizona Christian,Firestorm,AZCR,,AZCR,Arizona Christian,,,#DA291C,#F1B434,,
9,Arizona State,Sun Devils,ASU,,ASU,Arizona State,Pac-12,South,#7D2248,#FFC72C,http://a.espncdn.com/i/teamlogos/ncaa/500/9.png,http://a.espncdn.com/i/teamlogos/ncaa/500-dark/9.png
8,Arkansas,Razorbacks,ARK,,ARK,Arkansas,SEC,West,#A41F35,#FFFFFF,http://a.espncdn.com/i/teamlogos/ncaa/500/8.png,http://a.espncdn.com/i/teamlogos/ncaa/500-dark/8.png
2028,Arkansas-Monticello,Weevils,ARK,,ARK,AR-Monticello,,,#00965E,#000000,http://a.espncdn.com/i/teamlogos/ncaa/500/2028.png,http://a.espncdn.com/i/teamlogos/ncaa/500-dark/2028.png
2029,Arkansas-Pine Bluff,Golden Lions,UAPB,,UAPB,AR-Pine Bluff,,,#000000,#EEB310,http://a.espncdn.com/i/teamlogos/ncaa/500/2029.png,http://a.espncdn.com/i/teamlogos/ncaa/500-dark/2029.png
2032,Arkansas State,Red Wolves,ARST,,ARST,Arkansas State,Sun Belt,,#CC092F,#000000,http://a.espncdn.com/i/teamlogos/ncaa/500/2032.png,http://a.espncdn.com/i/teamlogos/ncaa/500-dark/2032.png
2033,Arkansas Tech,Wonder Boys,ARK,,ARK,Arkansas Tech,,,#115740,#FFCD00,http://a.espncdn.com/i/teamlogos/ncaa/500/2033.png,http://a.espncdn.com/i/teamlogos/ncaa/500-dark/2033.png
349,Army,Black Knights,ARMY,,ARMY,Army,FBS Independents,,#2C2A29,#D3BC8D,http://a.espncdn.com/i/teamlogos/ncaa/500/349.png,http://a.espncdn.com/i/teamlogos/ncaa/500-dark/349.png
308,Ashland,Eagles,ASH,,ASH,Ashland,,,#5C068C,#FFC72C,http://a.espncdn.com/i/teamlogos/ncaa/500/308.png,http://a.espncdn.com/i/teamlogos/ncaa/500-dark/308.png
2038,Assumption,Greyhounds,ASP,,ASP,Assumption,,,#005B99,#919693,http://a.espncdn.com/i/teamlogos/ncaa/500/2038.png,http://a.espncdn.com/i/teamlogos/ncaa/500-dark/2038.png
2,Auburn,Tigers,AUB,,AUB,Auburn,SEC,West,#03244D,#F26522,http://a.espncdn.com/i/teamlogos/ncaa/500/2.png,http://a.espncdn.com/i/teamlogos/ncaa/500-dark/2.png
124,Augsburg,Auggies,AUG,,AUG,Augsburg,,,#75263B,#747678,http://a.espncdn.com/i/teamlogos/ncaa/500/124.png,http://a.espncdn.com/i/teamlogos/ncaa/500-dark/124.png
2042,Augustana (IL),Vikings,AUG,,AUG,Augustana (IL),,,#002D62,#FFDD00,http://a.espncdn.com/i/teamlogos/ncaa/500/2042.png,http://a.espncdn.com/i/teamlogos/ncaa/500-dark/2042.png
2043,Augustana (SD),Vikings,AUG,,AUG,Augustana (SD),,,#002D62,#FFDD00,http://a.espncdn.com/i/teamlogos/ncaa/500/2043.png,http://a.espncdn.com/i/teamlogos/ncaa/500-dark/2043.png
2044,Aurora,Spartans,AUR,,AUR,Aurora,,,#003591,#000000,http://a.espncdn.com/i/teamlogos/ncaa/500/2044.png,http://a.espncdn.com/i/teamlogos/ncaa/500-dark/2044.png
2045,Austin College,Kangaroos,AUS,,AUS,Austin College,,,#9D2235,#C69214,http://a.espncdn.com/i/teamlogos/ncaa/500/2045.png,http://a.espncdn.com/i/teamlogos/ncaa/500-dark/2045.png
2046,Austin Peay,Governors,PEAY,,PEAY,Austin Peay,,,#C41E3A,#000000,http://a.espncdn.com/i/teamlogos/ncaa/500/2046.png,http://a.espncdn.com/i/teamlogos/ncaa/500-dark/2046.png
3178,Ave Maria,Gyrenes,AMU,,AMU,Ave Maria,,,#0A2240,#00833E,http://a.espncdn.com/i/teamlogos/ncaa/500/3178.png,http://a.espncdn.com/i/teamlogos/ncaa/500-dark/3178.png
2047,Averett,Cougars,AVE,,AVE,Averett,,,#0C2340,#FFB81C,http://a.espncdn.com/i/teamlogos/ncaa/500/2047.png,http://a.espncdn.com/i/teamlogos/ncaa/500-dark/2047.png
2048,Avila College,Eagles,AVC,,AVC,Avila College,,,#48176D,#A29061,http://a.espncdn.com/i/teamlogos/ncaa/500/2048.png,http://a.espncdn.com/i/teamlogos/ncaa/500-dark/2048.png
2049,Azusa Pacific,Cougars,AZU,,AZU,Azusa Pacific,,,#990000,#000000,http://a.espncdn.com/i/teamlogos/ncaa/500/2049.png,http://a.espncdn.com/i/teamlogos/ncaa/500-dark/2049.png
487,Bacone College,Warriors,BKN,,BKN,Bacone College,,,#C8102E,#000000,http://a.espncdn.com/i/teamlogos/ncaa/500/487.png,http://a.espncdn.com/i/teamlogos/ncaa/500-dark/487.png
488,Baker University,Wildcats,BAK,,BAK,Baker U,,,#000000,,http://a.espncdn.com/i/teamlogos/ncaa/500/488.png,http://a.espncdn.com/i/teamlogos/ncaa/500-dark/488.png
188,Baldwin-Wallace,Yellow Jackets,BAL,,BAL,Baldwin-Wallace,,,#4E3629,#F1C400,http://a.espncdn.com/i/teamlogos/ncaa/500/188.png,http://a.espncdn.com/i/teamlogos/ncaa/500-dark/188.png
2050,Ball State,Cardinals,BALL,,BALL,Ball State,Mid-American,West,#BA0C2F,#000000,http://a.espncdn.com/i/teamlogos/ncaa/500/2050.png,http://a.espncdn.com/i/teamlogos/ncaa/500-dark/2050.png
121,Bates College,Bobcats,BAT,Bates,BAT,Bates College,,,#B30838,#C4C6C8,http://a.espncdn.com/i/teamlogos/ncaa/500/121.png,http://a.espncdn.com/i/teamlogos/ncaa/500-dark/121.png
239,Baylor,Bears,BAY,,BAY,Baylor,Big 12,,#154734,#FFB81C,http://a.espncdn.com/i/teamlogos/ncaa/500/239.png,http://a.espncdn.com/i/teamlogos/ncaa/500-dark/239.png
479,Becker College,Hawks,BEC,,BEC,Becker College,,,#003087,#FFFFFF,http://a.espncdn.com/i/teamlogos/ncaa/500/479.png,http://a.espncdn.com/i/teamlogos/ncaa/500-dark/479.png
266,Beloit College,Buccaneers,BEL,Beloit,BEL,Beloit College,,,#003865,#F2A900,http://a.espncdn.com/i/teamlogos/ncaa/500/266.png,http://a.espncdn.com/i/teamlogos/ncaa/500-dark/266.png
132,Bemidji State,Beavers,BEM,,BEM,Bemidji State,,,#004D44,#000000,http://a.espncdn.com/i/teamlogos/ncaa/500/132.png,http://a.espncdn.com/i/teamlogos/ncaa/500-dark/132.png
490,Benedict College,Tigers,BBG,,BBG,Benedict,,,#4C145E,#F9D616,http://a.espncdn.com/i/teamlogos/ncaa/500/490.png,http://a.espncdn.com/i/teamlogos/ncaa/500-dark/490.png
16111,Benedictine College,Bndctne Col,BEN,,BEN,Benedictine,,,,,http://a.espncdn.com/i/teamlogos/ncaa/500/16111.png,http://a.espncdn.com/i/teamlogos/ncaa/500-dark/16111.png
2283,Benedictine (IL),Eagles,BEN,,BEN,Benedictine (IL),,,#BA0C2F,#000000,http://a.espncdn.com/i/teamlogos/ncaa/500/2283.png,http://a.espncdn.com/i/teamlogos/ncaa/500-dark/2283.png
2060,Bentley,Falcons,BENT,,BENT,Bentley,,,#000000,#1B5FAA,http://a.espncdn.com/i/teamlogos/ncaa/500/2060.png,http://a.espncdn.com/i/teamlogos/ncaa/500-dark/2060.png
2757,Berry College,Vikings,BER,,BER,Berry,,,#00205B,#9EA2A2,http://a.espncdn.com/i/teamlogos/ncaa/500/2757.png,http://a.espncdn.com/i/teamlogos/ncaa/500-dark/2757.png
492,Bethany (KS),Swedes,BET,,BET,Bethany (KS),,,#0035AD,#FFD100,http://a.espncdn.com/i/teamlogos/ncaa/500/492.png,http://a.espncdn.com/i/teamlogos/ncaa/500-dark/492.png
2062,Bethany (WV),Bison,BET,,BET,Bethany (WV),,,#115740,#010101,http://a.espncdn.com/i/teamlogos/ncaa/500/2062.png,http://a.espncdn.com/i/teamlogos/ncaa/500-dark/2062.png
2802,Bethel (MN),Royals,BET,,BET,Bethel (MN),,,#002F5F,#FDC900,http://a.espncdn.com/i/teamlogos/ncaa/500/2802.png,http://a.espncdn.com/i/teamlogos/ncaa/500-dark/2802.png
2064,Bethel (TN),Wildcats,BET,,BET,Bethel (TN),,,#5F249F,#F1C400,http://a.espncdn.com/i/teamlogos/ncaa/500/2064.png,http://a.espncdn.com/i/teamlogos/ncaa/500-dark/2064.png
2065,Bethune-Cookman,Wildcats,BCU,,BCU,Bethune-Cookman,,,#6F263D,#F2A900,http://a.espncdn.com/i/teamlogos/ncaa/500/2065.png,http://a.espncdn.com/i/teamlogos/ncaa/500-dark/2065.png
3,Birmingham-Southern,Panthers,BIR,,BIR,Birmingham-Southern,,,#000000,#BD8C00,http://a.espncdn.com/i/teamlogos/ncaa/500/3.png,http://a.espncdn.com/i/teamlogos/ncaa/500-dark/3.png
2070,Blackburn,Beavers,BLA,,BLA,Blackburn,,,#000000,,http://a.espncdn.com/i/teamlogos/ncaa/500/2070.png,http://a.espncdn.com/i/teamlogos/ncaa/500-dark/2070.png
2069,Black Hills State,Yellow Jackets,BLA,,BLA,Black Hills St,,,#006233,#FFC726,http://a.espncdn.com/i/teamlogos/ncaa/500/2069.png,http://a.espncdn.com/i/teamlogos/ncaa/500-dark/2069.png
2071,Bloomsburg,Huskies,BLO,,BLO,Bloomsburg,,,#6E121E,#FFDD00,http://a.espncdn.com/i/teamlogos/ncaa/500/2071.png,http://a.espncdn.com/i/teamlogos/ncaa/500-dark/2071.png
495,Bluefield College,Rams,BLU,,BLU,Bluefield,,,#071D49,#FF001F,http://a.espncdn.com/i/teamlogos/ncaa/500/495.png,http://a.espncdn.com/i/teamlogos/ncaa/500-dark/495.png
2074,Bluffton,Beavers,BLU,,BLU,Bluffton,,,#512D6D,#010101,http://a.espncdn.com/i/teamlogos/ncaa/500/2074.png,http://a.espncdn.com/i/teamlogos/ncaa/500-dark/2074.png
68,Boise State,Broncos,BSU,,BSU,Boise State,Mountain West,Mountain,#0033A0,#D64309,http://a.espncdn.com/i/teamlogos/ncaa/500/68.png,http://a.espncdn.com/i/teamlogos/ncaa/500-dark/68.png
103,Boston College,Eagles,BC,,BC,Boston College,ACC,Atlantic,#8C2232,#DBCCA6,http://a.espncdn.com/i/teamlogos/ncaa/500/103.png,http://a.espncdn.com/i/teamlogos/ncaa/500-dark/103.png
340,Bowdoin,Polar Bears,BOW,,BOW,Bowdoin,,,#000000,#FFFFFF,http://a.espncdn.com/i/teamlogos/ncaa/500/340.png,http://a.espncdn.com/i/teamlogos/ncaa/500-dark/340.png
189,Bowling Green,Falcons,BGSU,Bowling Green State,BGSU,Bowling Green,Mid-American,East,#4F2C1D,#FF7300,http://a.espncdn.com/i/teamlogos/ncaa/500/189.png,http://a.espncdn.com/i/teamlogos/ncaa/500-dark/189.png
2913,Brevard College,Tornados,BRE,,BRE,Brevard,,,#000000,,http://a.espncdn.com/i/teamlogos/ncaa/500/2913.png,http://a.espncdn.com/i/teamlogos/ncaa/500-dark/2913.png
18,Bridgewater State,Bears,BGW,,BGW,Bridgewater St,,,#A6192E,#000000,http://a.espncdn.com/i/teamlogos/ncaa/500/18.png,http://a.espncdn.com/i/teamlogos/ncaa/500-dark/18.png
2079,Bridgewater (VA),Eagles,BRD,,BRD,Bridgewater (VA),,,#9D2235,#89734C,http://a.espncdn.com/i/teamlogos/ncaa/500/2079.png,http://a.espncdn.com/i/teamlogos/ncaa/500-dark/2079.png
2080,Brit Columbia,Thunderbirds,BBM,,BBM,Brit Columbia,,,#000000,,http://a.espncdn.com/i/teamlogos/ncaa/500/2080.png,http://a.espncdn.com/i/teamlogos/ncaa/500-dark/2080.png
2781,Brockport State (NY),Golden Eagles,BRO,,BRO,Brockport St (NY),,,#00533E,#FFC726,http://a.espncdn.com/i/teamlogos/ncaa/500/2781.png,http://a.espncdn.com/i/teamlogos/ncaa/500-dark/2781.png
225,Brown,Bears,BRWN,,BRWN,Brown,,,#4E3629,#C00404,http://a.espncdn.com/i/teamlogos/ncaa/500/225.png,http://a.espncdn.com/i/teamlogos/ncaa/500-dark/225.png
2803,Bryant,Bulldogs,BRY,,BRY,Bryant,,,#231F20,#B09863,http://a.espncdn.com/i/teamlogos/ncaa/500/2803.png,http://a.espncdn.com/i/teamlogos/ncaa/500-dark/2803.png
2083,Bucknell,Bison,BUCK,,BUCK,Bucknell,,,#003865,#EF5B0C,http://a.espncdn.com/i/teamlogos/ncaa/500/2083.png,http://a.espncdn.com/i/teamlogos/ncaa/500-dark/2083.png
63,Buena Vista,Beavers,BUE,,BUE,Buena Vista,,,#0C2340,#FFCD00,http://a.espncdn.com/i/teamlogos/ncaa/500/63.png,http://a.espncdn.com/i/teamlogos/ncaa/500-dark/63.png
2084,Buffalo,Bulls,BUFF,,BUFF,Buffalo,Mid-American,East,#005BBB,#FFFFFF,http://a.espncdn.com/i/teamlogos/ncaa/500/2084.png,http://a.espncdn.com/i/teamlogos/ncaa/500-dark/2084.png
2085,Buffalo State,Bengals,BUF,,BUF,Buffalo St,,,#CC6600,#000000,http://a.espncdn.com/i/teamlogos/ncaa/500/2085.png,http://a.espncdn.com/i/teamlogos/ncaa/500-dark/2085.png
2086,Butler,Bulldogs,BUT,,BUT,Butler,,,#13294B,#75787B,http://a.espncdn.com/i/teamlogos/ncaa/500/2086.png,http://a.espncdn.com/i/teamlogos/ncaa/500-dark/2086.png
252,BYU,Cougars,BYU,Brigham Young,BYU,BYU,FBS Independents,,#003DA5,#FFFFFF,http://a.espncdn.com/i/teamlogos/ncaa/500/252.png,http://a.espncdn.com/i/teamlogos/ncaa/500-dark/252.png
25,California,Golden Bears,CAL,,CAL,Cal,Pac-12,North,#041E42,#FFC72C,http://a.espncdn.com/i/teamlogos/ncaa/500/25.png,http://a.espncdn.com/i/teamlogos/ncaa/500-dark/25.png
2858,California (PA),Vulcans,CAL,,CAL,California (PA),,,#DA291C,#27251F,http://a.espncdn.com/i/teamlogos/ncaa/500/2858.png,http://a.espncdn.com/i/teamlogos/ncaa/500-dark/2858.png
2094,Cal Lutheran,Kingsmen,CAL,California Lutheran,CAL,Cal Lutheran,,,#2E1A47,#F1C400,http://a.espncdn.com/i/teamlogos/ncaa/500/2094.png,http://a.espncdn.com/i/teamlogos/ncaa/500-dark/2094.png
13,Cal Poly,Mustangs,CP,,CP,Cal Poly,,,#154734,#F8E08E,http://a.espncdn.com/i/teamlogos/ncaa/500/13.png,http://a.espncdn.com/i/teamlogos/ncaa/500-dark/13.png
2097,Campbell,Camels,CAMP,,CAMP,Campbell,,,#000000,,http://a.espncdn.com/i/teamlogos/ncaa/500/2097.png,http://a.espncdn.com/i/teamlogos/ncaa/500-dark/2097.png
424,Capital,Crusaders,CAP,,CAP,Capital,,,#330072,#53565A,http://a.espncdn.com/i/teamlogos/ncaa/500/424.png,http://a.espncdn.com/i/teamlogos/ncaa/500-dark/424.png
2101,Carleton,Knights,CAR,,CAR,Carleton,,,#0B5091,#F3B61D,http://a.espncdn.com/i/teamlogos/ncaa/500/2101.png,http://a.espncdn.com/i/teamlogos/ncaa/500-dark/2101.png
2102,Carnegie Mellon,Tartans,CAR,,CAR,Carnegie Mellon,,,#990000,#464646,http://a.espncdn.com/i/teamlogos/ncaa/500/2102.png,http://a.espncdn.com/i/teamlogos/ncaa/500-dark/2102.png
32,Carroll (WI),Pioneers,CAR,,CAR,Carroll (WI),,,#E35205,#0C2340,http://a.espncdn.com/i/teamlogos/ncaa/500/32.png,http://a.espncdn.com/i/teamlogos/ncaa/500-dark/32.png
2105,Carson-Newman,Eagles,CNEW,,CNEW,Carson-Newman,,,#FF671F,#0C2340,http://a.espncdn.com/i/teamlogos/ncaa/500/2105.png,http://a.espncdn.com/i/teamlogos/ncaa/500-dark/2105.png
2106,Carthage,Redmen,CAR,,CAR,Carthage,,,#000000,,http://a.espncdn.com/i/teamlogos/ncaa/500/2106.png,http://a.espncdn.com/i/teamlogos/ncaa/500-dark/2106.png
2963,Case Western Reserve,Spartans,CSR,,CSR,Case West Reserve,,,#003071,#626262,http://a.espncdn.com/i/teamlogos/ncaa/500/2963.png,http://a.espncdn.com/i/teamlogos/ncaa/500-dark/2963.png
293,Castleton State College,Spartans,CAS,,CAS,Castleton St,,,#000000,,http://a.espncdn.com/i/teamlogos/ncaa/500/293.png,http://a.espncdn.com/i/teamlogos/ncaa/500-dark/293.png
2107,Catawba,Indians,CAT,,CAT,Catawba,,,#13294E,#989AA5,http://a.espncdn.com/i/teamlogos/ncaa/500/2107.png,http://a.espncdn.com/i/teamlogos/ncaa/500-dark/2107.png
2108,Catholic University,Cardinals,CATH,,CATH,Catholic Univ.,,,#990000,#000000,http://a.espncdn.com/i/teamlogos/ncaa/500/2108.png,http://a.espncdn.com/i/teamlogos/ncaa/500-dark/2108.png
2964,Central,Dutch,CEN,,CEN,Central,,,#E4002B,#C8C9C7,http://a.espncdn.com/i/teamlogos/ncaa/500/2964.png,http://a.espncdn.com/i/teamlogos/ncaa/500-dark/2964.png
2110,Central Arkansas,Bears,UCA,,UCA,Cent Arkansas,,,#582C83,#7C878E,http://a.espncdn.com/i/teamlogos/ncaa/500/2110.png,http://a.espncdn.com/i/teamlogos/ncaa/500-dark/2110.png
2115,Central Connecticut,Blue Devils,CCSU,Central Connecticut State,CCSU,Cent Conn St,,,#1A4784,#C9CED1,http://a.espncdn.com/i/teamlogos/ncaa/500/2115.png,http://a.espncdn.com/i/teamlogos/ncaa/500-dark/2115.png
2860,Central Methodist,Eagles,CDF,,CDF,Cent Methodist,,,#006341,#010101,http://a.espncdn.com/i/teamlogos/ncaa/500/2860.png,http://a.espncdn.com/i/teamlogos/ncaa/500-dark/2860.png
2117,Central Michigan,Chippewas,CMU,,CMU,Cent Michigan,Mid-American,West,#6A0032,#FFC82E,http://a.espncdn.com/i/teamlogos/ncaa/500/2117.png,http://a.espncdn.com/i/teamlogos/ncaa/500-dark/2117.png
2118,Central Missouri State,Mules,CEN,,CEN,Cent Missouri St,,,#000000,,http://a.espncdn.com/i/teamlogos/ncaa/500/2118.png,http://a.espncdn.com/i/teamlogos/ncaa/500-dark/2118.png
2122,Central Oklahoma,Bronchos,CEN,,CEN,Cent Oklahoma,,,#003366,#FFCC00,http://a.espncdn.com/i/teamlogos/ncaa/500/2122.png,http://a.espncdn.com/i/teamlogos/ncaa/500-dark/2122.png
2119,Central State,Marauders,CCI,,CCI,Central St,,,#71273D,#FFCB00,http://a.espncdn.com/i/teamlogos/ncaa/500/2119.png,http://a.espncdn.com/i/teamlogos/ncaa/500-dark/2119.png
2120,Central Washington,Wildcats,CEN,,CEN,Cent Washington,,,#AB0032,#2C2A29,http://a.espncdn.com/i/teamlogos/ncaa/500/2120.png,http://a.espncdn.com/i/teamlogos/ncaa/500-dark/2120.png
2121,Centre,Colonels,CEN,,CEN,Centre,,,#000000,#FFCC00,http://a.espncdn.com/i/teamlogos/ncaa/500/2121.png,http://a.espncdn.com/i/teamlogos/ncaa/500-dark/2121.png
2123,Chadron State,Eagles,CHA,,CHA,Chadron St,,,#660033,#000000,http://a.espncdn.com/i/teamlogos/ncaa/500/2123.png,http://a.espncdn.com/i/teamlogos/ncaa/500-dark/2123.png
411,Chapman,Panthers,CHA,,CHA,Chapman,,,#862633,#A2AAAD,http://a.espncdn.com/i/teamlogos/ncaa/500/411.png,http://a.espncdn.com/i/teamlogos/ncaa/500-dark/411.png
2127,Charleston Southern,Buccaneers,CHSO,,CHSO,Charleston So,,,#002855,#A89968,http://a.espncdn.com/i/teamlogos/ncaa/500/2127.png,http://a.espncdn.com/i/teamlogos/ncaa/500-dark/2127.png
2128,Charleston (WV),Golden Eagles,CHA,,CHA,Charleston (WV),,,#992244,#FFD200,http://a.espncdn.com/i/teamlogos/ncaa/500/2128.png,http://a.espncdn.com/i/teamlogos/ncaa/500-dark/2128.png
2429,Charlotte,49ers,CHAR,,CHAR,Charlotte,Conference USA,East,#005035,#A49665,http://a.espncdn.com/i/teamlogos/ncaa/500/2429.png,http://a.espncdn.com/i/teamlogos/ncaa/500-dark/2429.png
236,Chattanooga,Mocs,CHAT,,CHAT,Chattanooga,,,#00386B,#E0AA0F,http://a.espncdn.com/i/teamlogos/ncaa/500/236.png,http://a.espncdn.com/i/teamlogos/ncaa/500-dark/236.png
2129,Cheyney,Wolves,CHE,,CHE,Cheyney,,,#0D3E70,#231F20,http://a.espncdn.com/i/teamlogos/ncaa/500/2129.png,http://a.espncdn.com/i/teamlogos/ncaa/500-dark/2129.png
80,Chicago,Maroons,CHI,,CHI,Chicago,,,#800000,#FFFFFF,http://a.espncdn.com/i/teamlogos/ncaa/500/80.png,http://a.espncdn.com/i/teamlogos/ncaa/500-dark/80.png
3112,Christopher Newport,Captains,CHR,,CHR,Christopher Newport,,,#0039A6,#84888B,http://a.espncdn.com/i/teamlogos/ncaa/500/3112.png,http://a.espncdn.com/i/teamlogos/ncaa/500-dark/3112.png
2132,Cincinnati,Bearcats,CIN,,CIN,Cincinnati,American Athletic,East,#E00122,#000000,http://a.espncdn.com/i/teamlogos/ncaa/500/2132.png,http://a.espncdn.com/i/teamlogos/ncaa/500-dark/2132.png
17,Claremont,Stags,CLA,,CLA,Claremont,,,#000000,,http://a.espncdn.com/i/teamlogos/ncaa/500/17.png,http://a.espncdn.com/i/teamlogos/ncaa/500-dark/17.png
2134,Clarion,Golden Eagles,CLA,,CLA,Clarion,,,#003366,#97824A,http://a.espncdn.com/i/teamlogos/ncaa/500/2134.png,http://a.espncdn.com/i/teamlogos/ncaa/500-dark/2134.png
2805,Clark Atlanta,Panthers,CLK,,CLK,Clark Atlanta,,,#CE1126,#000000,http://a.espncdn.com/i/teamlogos/ncaa/500/2805.png,http://a.espncdn.com/i/teamlogos/ncaa/500-dark/2805.png
228,Clemson,Tigers,CLEM,,CLEM,Clemson,ACC,Atlantic,#F56600,#522D80,http://a.espncdn.com/i/teamlogos/ncaa/500/228.png,http://a.espncdn.com/i/teamlogos/ncaa/500-dark/228.png
324,Coastal Carolina,Chanticleers,CCU,,CCU,C. Carolina,Sun Belt,,#006F71,#A27752,http://a.espncdn.com/i/teamlogos/ncaa/500/324.png,http://a.espncdn.com/i/teamlogos/ncaa/500-dark/324.png
2557,Coast Guard,Bears,COA,,COA,Coast Guard,,,#2554C7,#F47F24,http://a.espncdn.com/i/teamlogos/ncaa/500/2557.png,http://a.espncdn.com/i/teamlogos/ncaa/500-dark/2557.png
2141,Coe,Kohawks,COE,,COE,Coe College,,,#93282C,#CBA052,http://a.espncdn.com/i/teamlogos/ncaa/500/2141.png,http://a.espncdn.com/i/teamlogos/ncaa/500-dark/2141.png
33,Colby,White Mules,COL,,COL,Colby,,,#000000,,http://a.espncdn.com/i/teamlogos/ncaa/500/33.png,http://a.espncdn.com/i/teamlogos/ncaa/500-dark/33.png
2142,Colgate,Raiders,COLG,,COLG,Colgate,,,#821019,#000000,http://a.espncdn.com/i/teamlogos/ncaa/500/2142.png,http://a.espncdn.com/i/teamlogos/ncaa/500-dark/2142.png
3211,College of Faith,Warriors,FAI,,FAI,Faith-Arkansas,,,,,http://a.espncdn.com/i/teamlogos/ncaa/500/3211.png,http://a.espncdn.com/i/teamlogos/ncaa/500-dark/3211.png
3253,College of Faith - Charlotte,Saints,COFC,,COFC,Faith-Charlotte,,,,,http://a.espncdn.com/i/teamlogos/ncaa/500/3253.png,http://a.espncdn.com/i/teamlogos/ncaa/500-dark/3253.png
108382,College of Idaho,Yotes,COI,,COI,College of Idaho,,,#412D5E,#DED6C9,,
2442,College of New Jersey,Lions,CNJ,,CNJ,College of NJ,,,#000000,,http://a.espncdn.com/i/teamlogos/ncaa/500/2442.png,http://a.espncdn.com/i/teamlogos/ncaa/500-dark/2442.png
38,Colorado,Buffaloes,COLO,,COLO,Colorado,Pac-12,South,#000000,#CFB87C,http://a.espncdn.com/i/teamlogos/ncaa/500/38.png,http://a.espncdn.com/i/teamlogos/ncaa/500-dark/38.png
2144,Colorado College,Tigers,COL,,COL,Colorado College,,,#000000,#EFAB1E,http://a.espncdn.com/i/teamlogos/ncaa/500/2144.png,http://a.espncdn.com/i/teamlogos/ncaa/500-dark/2144.png
11,Colorado Mesa,Mavericks,MESA,,MESA,Colorado Mesa,,,#5D0022,#FED103,http://a.espncdn.com/i/teamlogos/ncaa/500/11.png,http://a.espncdn.com/i/teamlogos/ncaa/500-dark/11.png
2146,Colorado Mines,Orediggers,COL,,COL,Colorado Mines,,,#21314D,#B2B4B3,http://a.espncdn.com/i/teamlogos/ncaa/500/2146.png,http://a.espncdn.com/i/teamlogos/ncaa/500-dark/2146.png
36,Colorado State,Rams,CSU,,CSU,Colorado State,Mountain West,Mountain,#1E4D2B,#C8C372,http://a.espncdn.com/i/teamlogos/ncaa/500/36.png,http://a.espncdn.com/i/teamlogos/ncaa/500-dark/36.png
2570,Colorado State-Pueblo,Thunderwolves,CSUP,,CSUP,Colorado St-Pueblo,,,#000000,,http://a.espncdn.com/i/teamlogos/ncaa/500/2570.png,http://a.espncdn.com/i/teamlogos/ncaa/500-dark/2570.png
171,Columbia,Lions,CLMB,,CLMB,Columbia,,,#B9D9EB,#000000,http://a.espncdn.com/i/teamlogos/ncaa/500/171.png,http://a.espncdn.com/i/teamlogos/ncaa/500-dark/171.png
2148,Concord,Mountain Lions,CON,,CON,Concord,,,#862633,#768692,http://a.espncdn.com/i/teamlogos/ncaa/500/2148.png,http://a.espncdn.com/i/teamlogos/ncaa/500-dark/2148.png
3099,Concordia (AL),Hornets,CON,,CON,Concordia Col.,,,,,http://a.espncdn.com/i/teamlogos/ncaa/500/3099.png,http://a.espncdn.com/i/teamlogos/ncaa/500-dark/3099.png
2985,Concordia College (MI),Cardinals,CMI,,CMI,Concordia  (MI),,,#C8102E,#010101,http://a.espncdn.com/i/teamlogos/ncaa/500/2985.png,http://a.espncdn.com/i/teamlogos/ncaa/500-dark/2985.png
2151,Concordia (IL),Cougars,CON,,CON,Concordia (IL),,,#9D2235,#FFC72C,http://a.espncdn.com/i/teamlogos/ncaa/500/2151.png,http://a.espncdn.com/i/teamlogos/ncaa/500-dark/2151.png
2152,Concordia (MN),Cobbers,CON,,CON,Concordia (MN),,,#7D0042,#FFCF46,http://a.espncdn.com/i/teamlogos/ncaa/500/2152.png,http://a.espncdn.com/i/teamlogos/ncaa/500-dark/2152.png
3066,Concordia-St. Paul,Golden Bears,CON,,CON,Concordia-St. Paul,,,#000000,,http://a.espncdn.com/i/teamlogos/ncaa/500/3066.png,http://a.espncdn.com/i/teamlogos/ncaa/500-dark/3066.png
409,Concordia (WI),Falcons,CON,,CON,Concordia (WI),,,#005596,#FAA634,http://a.espncdn.com/i/teamlogos/ncaa/500/409.png,http://a.espncdn.com/i/teamlogos/ncaa/500-dark/409.png
41,Connecticut,Huskies,CONN,,CONN,UConn,American Athletic,East,#000E2F,#E4002B,http://a.espncdn.com/i/teamlogos/ncaa/500/41.png,http://a.espncdn.com/i/teamlogos/ncaa/500-dark/41.png
172,Cornell,Big Red,COR,,COR,Cornell,,,#B31B1B,#222222,http://a.espncdn.com/i/teamlogos/ncaa/500/172.png,http://a.espncdn.com/i/teamlogos/ncaa/500-dark/172.png
2155,Cornell College (IA),Rams,COR,Cornell College,COR,Cornell  (IA),,,#523178,#010101,http://a.espncdn.com/i/teamlogos/ncaa/500/2155.png,http://a.espncdn.com/i/teamlogos/ncaa/500-dark/2155.png
509,Crown College,Storm,CRO,,CRO,Crown College,,,#3C1053,#75787B,http://a.espncdn.com/i/teamlogos/ncaa/500/509.png,http://a.espncdn.com/i/teamlogos/ncaa/500-dark/509.png
510,Culver-Stockton,Wildcats,CUL,,CUL,Culver-Stockton Coll,,,#003594,#010101,http://a.espncdn.com/i/teamlogos/ncaa/500/510.png,http://a.espncdn.com/i/teamlogos/ncaa/500-dark/510.png
2161,Cumberland,Bulldogs,CUM,,CUM,Cumb (TN),,,#98002E,#000000,http://a.espncdn.com/i/teamlogos/ncaa/500/2161.png,http://a.espncdn.com/i/teamlogos/ncaa/500-dark/2161.png
511,Cumberland College,Indians,CUM,,CUM,Cumberland,,,#000000,,http://a.espncdn.com/i/teamlogos/ncaa/500/511.png,http://a.espncdn.com/i/teamlogos/ncaa/500-dark/511.png
40,Curry,Colonels,CUR,,CUR,Curry,,,#462C8D,#000000,http://a.espncdn.com/i/teamlogos/ncaa/500/40.png,http://a.espncdn.com/i/teamlogos/ncaa/500-dark/40.png
512,Dakota State,Trojans,DSU,,DSU,Dakota St,,,#004165,#00A9E0,http://a.espncdn.com/i/teamlogos/ncaa/500/512.png,http://a.espncdn.com/i/teamlogos/ncaa/500-dark/512.png
513,Dakota Wesleyan,Tigers,DWU,,DWU,Dakota Wesleyan,,,#004C97,#C1C6C8,http://a.espncdn.com/i/teamlogos/ncaa/500/513.png,http://a.espncdn.com/i/teamlogos/ncaa/500-dark/513.png
159,Dartmouth,Big Green,DART,,DART,Dartmouth,,,#00693E,#000000,http://a.espncdn.com/i/teamlogos/ncaa/500/159.png,http://a.espncdn.com/i/teamlogos/ncaa/500-dark/159.png
2166,Davidson,Wildcats,DAV,,DAV,Davidson,,,#D02139,#000000,http://a.espncdn.com/i/teamlogos/ncaa/500/2166.png,http://a.espncdn.com/i/teamlogos/ncaa/500-dark/2166.png
2168,Dayton,Flyers,DAY,,DAY,Dayton,,,#002F87,#D70036,http://a.espncdn.com/i/teamlogos/ncaa/500/2168.png,http://a.espncdn.com/i/teamlogos/ncaa/500-dark/2168.png
190,Defiance,Yellow Jackets,DEF,,DEF,Defiance,,,#512D6D,#F3DD6D,http://a.espncdn.com/i/teamlogos/ncaa/500/190.png,http://a.espncdn.com/i/teamlogos/ncaa/500-dark/190.png
48,Delaware,Blue Hens,DEL,,DEL,Delaware,,,#033594,#e8ce31,http://a.espncdn.com/i/teamlogos/ncaa/500/48.png,http://a.espncdn.com/i/teamlogos/ncaa/500-dark/48.png
2169,Delaware State,Hornets,DSU,,DSU,Delaware State,,,#EE3124,#0099CC,http://a.espncdn.com/i/teamlogos/ncaa/500/2169.png,http://a.espncdn.com/i/teamlogos/ncaa/500-dark/2169.png
2808,Delaware Valley,Aggies,DV,,DV,Delaware Valley,,,#215732,#010101,http://a.espncdn.com/i/teamlogos/ncaa/500/2808.png,http://a.espncdn.com/i/teamlogos/ncaa/500-dark/2808.png
2170,Delta State,Statesmen,DEL,,DEL,Delta St,,,#00753E,#000000,http://a.espncdn.com/i/teamlogos/ncaa/500/2170.png,http://a.espncdn.com/i/teamlogos/ncaa/500-dark/2170.png
2171,Denison,Big Red,DEN,,DEN,Denison,,,#A6192E,#010101,http://a.espncdn.com/i/teamlogos/ncaa/500/2171.png,http://a.espncdn.com/i/teamlogos/ncaa/500-dark/2171.png
83,DePauw,Tigers,DEP,,DEP,DePauw,,,#111C24,#FFCF01,http://a.espncdn.com/i/teamlogos/ncaa/500/83.png,http://a.espncdn.com/i/teamlogos/ncaa/500-dark/83.png
2175,Dickinson,Red Devils,DIC,,DIC,Dickinson,,,#E31837,#000000,http://a.espncdn.com/i/teamlogos/ncaa/500/2175.png,http://a.espncdn.com/i/teamlogos/ncaa/500-dark/2175.png
316,Dickinson State,Blue Hawks,DIC,,DIC,Dickinson St,,,#002D72,#C0C0C0,http://a.espncdn.com/i/teamlogos/ncaa/500/316.png,http://a.espncdn.com/i/teamlogos/ncaa/500-dark/316.png
2181,Drake,Bulldogs,DRKE,,DRKE,Drake,,,#1B4677,#B3B3B0,http://a.espncdn.com/i/teamlogos/ncaa/500/2181.png,http://a.espncdn.com/i/teamlogos/ncaa/500-dark/2181.png
49,Dubuque,Spartans,DUB,,DUB,Dubuque,,,#002D72,#999999,http://a.espncdn.com/i/teamlogos/ncaa/500/49.png,http://a.espncdn.com/i/teamlogos/ncaa/500-dark/49.png
150,Duke,Blue Devils,DUKE,,DUKE,Duke,ACC,Coastal,#013088,#FFFFFF,http://a.espncdn.com/i/teamlogos/ncaa/500/150.png,http://a.espncdn.com/i/teamlogos/ncaa/500-dark/150.png
2184,Duquesne,Dukes,DUQ,,DUQ,Duquesne,,,#041E42,#BA0C2F,http://a.espncdn.com/i/teamlogos/ncaa/500/2184.png,http://a.espncdn.com/i/teamlogos/ncaa/500-dark/2184.png
2189,Earlham,Quakers,EAR,,EAR,Earlham,,,#861F41,#FFFFFF,http://a.espncdn.com/i/teamlogos/ncaa/500/2189.png,http://a.espncdn.com/i/teamlogos/ncaa/500-dark/2189.png
151,East Carolina,Pirates,ECU,,ECU,ECU,American Athletic,East,#582C83,#FFC72C,http://a.espncdn.com/i/teamlogos/ncaa/500/151.png,http://a.espncdn.com/i/teamlogos/ncaa/500-dark/151.png
2191,East Central,Tigers,EAS,,EAS,East Central,,,#000000,#FF5200,http://a.espncdn.com/i/teamlogos/ncaa/500/2191.png,http://a.espncdn.com/i/teamlogos/ncaa/500-dark/2191.png
2197,Eastern Illinois,Panthers,EIU,,EIU,E Illinois,,,#004C97,#75787B,http://a.espncdn.com/i/teamlogos/ncaa/500/2197.png,http://a.espncdn.com/i/teamlogos/ncaa/500-dark/2197.png
2198,Eastern Kentucky,Colonels,EKY,,EKY,E Kentucky,,,#861F41,#87909A,http://a.espncdn.com/i/teamlogos/ncaa/500/2198.png,http://a.espncdn.com/i/teamlogos/ncaa/500-dark/2198.png
2199,Eastern Michigan,Eagles,EMU,,EMU,E Michigan,Mid-American,West,#046A38,#FFFFFF,http://a.espncdn.com/i/teamlogos/ncaa/500/2199.png,http://a.espncdn.com/i/teamlogos/ncaa/500-dark/2199.png
2201,Eastern New Mexico,Greyhounds,EAS,,EAS,E New Mexico,,,#006633,#A7A9AC,http://a.espncdn.com/i/teamlogos/ncaa/500/2201.png,http://a.espncdn.com/i/teamlogos/ncaa/500-dark/2201.png
2202,Eastern Oregon,Mountaineers,EAS,,EAS,E Oregon,,,#002855,#B3A369,http://a.espncdn.com/i/teamlogos/ncaa/500/2202.png,http://a.espncdn.com/i/teamlogos/ncaa/500-dark/2202.png
331,Eastern Washington,Eagles,EWU,,EWU,E Washington,,,#B7142E,#000000,http://a.espncdn.com/i/teamlogos/ncaa/500/331.png,http://a.espncdn.com/i/teamlogos/ncaa/500-dark/331.png
2188,East Stroudsburg,Warriors,EAS,,EAS,E Stroudsburg,,,#DB0436,#000000,http://a.espncdn.com/i/teamlogos/ncaa/500/2188.png,http://a.espncdn.com/i/teamlogos/ncaa/500-dark/2188.png
2193,East Tennessee State,Buccaneers,ETSU,,ETSU,ETSU,,,#00053E,#FFC72C,http://a.espncdn.com/i/teamlogos/ncaa/500/2193.png,http://a.espncdn.com/i/teamlogos/ncaa/500-dark/2193.png
2194,East Texas Baptist,Tigers,EAS,,EAS,E Texas Baptist,,,#081F2C,#ECBC00,http://a.espncdn.com/i/teamlogos/ncaa/500/2194.png,http://a.espncdn.com/i/teamlogos/ncaa/500-dark/2194.png
2205,Edinboro,Fighting Scots,EDI,,EDI,Edinboro,,,#BB131A,#808080,http://a.espncdn.com/i/teamlogos/ncaa/500/2205.png,http://a.espncdn.com/i/teamlogos/ncaa/500-dark/2205.png
2207,Elizabeth City State,Vikings,ELI,,ELI,Elizabeth City St,,,#0032A0,#BA0C2F,http://a.espncdn.com/i/teamlogos/ncaa/500/2207.png,http://a.espncdn.com/i/teamlogos/ncaa/500-dark/2207.png
72,Elmhurst,Blue Jays,ELM,,ELM,Elmhurst,,,#000000,,http://a.espncdn.com/i/teamlogos/ncaa/500/72.png,http://a.espncdn.com/i/teamlogos/ncaa/500-dark/72.png
2210,Elon,Phoenix,ELON,,ELON,Elon,,,#73000A,#B59A57,http://a.espncdn.com/i/teamlogos/ncaa/500/2210.png,http://a.espncdn.com/i/teamlogos/ncaa/500-dark/2210.png
2213,Emory & Henry,Wasps,EMO,,EMO,Emory & Henry,,,#1B3D75,#D5AD28,http://a.espncdn.com/i/teamlogos/ncaa/500/2213.png,http://a.espncdn.com/i/teamlogos/ncaa/500-dark/2213.png
2214,Emporia State,Hornets,EMP,,EMP,Emporia St,,,#000000,#BB8D0A,http://a.espncdn.com/i/teamlogos/ncaa/500/2214.png,http://a.espncdn.com/i/teamlogos/ncaa/500-dark/2214.png
452,Endicott College,Gulls,END,,END,Endicott,,,#00325B,#007C5A,http://a.espncdn.com/i/teamlogos/ncaa/500/452.png,http://a.espncdn.com/i/teamlogos/ncaa/500-dark/452.png
3236,Erie Community College,Kats,ECC,,ECC,Erie Community,,,,,http://a.espncdn.com/i/teamlogos/ncaa/500/3236.png,http://a.espncdn.com/i/teamlogos/ncaa/500-dark/3236.png
101,Eureka College,Red Devils,EUR,,EUR,Eureka College,,,#862633,#AC8400,http://a.espncdn.com/i/teamlogos/ncaa/500/101.png,http://a.espncdn.com/i/teamlogos/ncaa/500-dark/101.png
2865,Evangel,Crusaders,EVA,,EVA,Evangel,,,#75243D,#98988F,http://a.espncdn.com/i/teamlogos/ncaa/500/2865.png,http://a.espncdn.com/i/teamlogos/ncaa/500-dark/2865.png
2986,Fairmont State,Falcons,FAI,,FAI,Fairmont St,,,#000000,,http://a.espncdn.com/i/teamlogos/ncaa/500/2986.png,http://a.espncdn.com/i/teamlogos/ncaa/500-dark/2986.png
2219,Faulkner,Eagles,FAU,,FAU,Faulkner,,,#0032A0,#BBBCBC,http://a.espncdn.com/i/teamlogos/ncaa/500/2219.png,http://a.espncdn.com/i/teamlogos/ncaa/500-dark/2219.png
2220,Fayetteville State,Broncos,FAY,,FAY,Fayetteville St,,,#0067B1,#B0B7BC,http://a.espncdn.com/i/teamlogos/ncaa/500/2220.png,http://a.espncdn.com/i/teamlogos/ncaa/500-dark/2220.png
2221,FDU-Florham,Devils,FDU,,FDU,FDU-Florham,,,#000000,,http://a.espncdn.com/i/teamlogos/ncaa/500/2221.png,http://a.espncdn.com/i/teamlogos/ncaa/500-dark/2221.png
2222,Ferris State,Bulldogs,FER,,FER,Ferris St,,,#BA0C2F,#FFD043,http://a.espncdn.com/i/teamlogos/ncaa/500/2222.png,http://a.espncdn.com/i/teamlogos/ncaa/500-dark/2222.png
366,Ferrum,Panthers,FER,,FER,Ferrum,,,#010101,#998542,http://a.espncdn.com/i/teamlogos/ncaa/500/366.png,http://a.espncdn.com/i/teamlogos/ncaa/500-dark/366.png
2224,Findlay,Oilers,FIN,,FIN,Findlay,,,#000000,#F47920,http://a.espncdn.com/i/teamlogos/ncaa/500/2224.png,http://a.espncdn.com/i/teamlogos/ncaa/500-dark/2224.png
114,Fitchburg State,Falcons,FIT,,FIT,Fitchburg St,,,#00563F,#E9AF2F,http://a.espncdn.com/i/teamlogos/ncaa/500/114.png,http://a.espncdn.com/i/teamlogos/ncaa/500-dark/114.png
57,Florida,Gators,FLA,,FLA,Florida,SEC,East,#003087,#FA4616,http://a.espncdn.com/i/teamlogos/ncaa/500/57.png,http://a.espncdn.com/i/teamlogos/ncaa/500-dark/57.png
50,Florida A&M,Rattlers,FAMU,,FAMU,Florida A&M,,,#008344,#F4811F,http://a.espncdn.com/i/teamlogos/ncaa/500/50.png,http://a.espncdn.com/i/teamlogos/ncaa/500-dark/50.png
2226,Florida Atlantic,Owls,FAU,,FAU,FAU,Conference USA,East,#003366,#CC0000,http://a.espncdn.com/i/teamlogos/ncaa/500/2226.png,http://a.espncdn.com/i/teamlogos/ncaa/500-dark/2226.png
2229,Florida International,Golden Panthers,FIU,,FIU,FIU,Conference USA,East,#081E3F,#B6862C,http://a.espncdn.com/i/teamlogos/ncaa/500/2229.png,http://a.espncdn.com/i/teamlogos/ncaa/500-dark/2229.png
52,Florida State,Seminoles,FSU,,FSU,FSU,ACC,Atlantic,#782F40,#CEB888,http://a.espncdn.com/i/teamlogos/ncaa/500/52.png,http://a.espncdn.com/i/teamlogos/ncaa/500-dark/52.png
53,Florida Tech,Panthers,FLTH,,FLTH,Florida Tech,,,#770000,#9DA0A0,http://a.espncdn.com/i/teamlogos/ncaa/500/53.png,http://a.espncdn.com/i/teamlogos/ncaa/500-dark/53.png
2230,Fordham,Rams,FOR,,FOR,Fordham,,,#72253D,#E1E1E1,http://a.espncdn.com/i/teamlogos/ncaa/500/2230.png,http://a.espncdn.com/i/teamlogos/ncaa/500-dark/2230.png
2231,Fort Hays State,Tigers,FHSU,,FHSU,Fort Hays St,,,#000000,#F6BE00,http://a.espncdn.com/i/teamlogos/ncaa/500/2231.png,http://a.espncdn.com/i/teamlogos/ncaa/500-dark/2231.png
2237,Fort Lewis,Skyhawks,FOR,,FOR,Fort Lewis,,,#000066,#FFCC33,http://a.espncdn.com/i/teamlogos/ncaa/500/2237.png,http://a.espncdn.com/i/teamlogos/ncaa/500-dark/2237.png
2232,Fort Valley State,Wildcats,FOR,,FOR,Fort Valley St,,,#003087,#EAAA00,http://a.espncdn.com/i/teamlogos/ncaa/500/2232.png,http://a.espncdn.com/i/teamlogos/ncaa/500-dark/2232.png
2967,Framingham State,Rams,FRA,,FRA,Framingham St,,,#EBAB00,#000000,http://a.espncdn.com/i/teamlogos/ncaa/500/2967.png,http://a.espncdn.com/i/teamlogos/ncaa/500-dark/2967.png
2233,Franklin,Grizzlies,FRA,,FRA,Franklin,,,#FFD100,#001E60,http://a.espncdn.com/i/teamlogos/ncaa/500/2233.png,http://a.espncdn.com/i/teamlogos/ncaa/500-dark/2233.png
2234,Franklin & Marshall,Diplomats,F&M,,F&M,Franklin & Marshall,,,#0035AD,#73CFFF,http://a.espncdn.com/i/teamlogos/ncaa/500/2234.png,http://a.espncdn.com/i/teamlogos/ncaa/500-dark/2234.png
278,Fresno State,Bulldogs,FRES,,FRES,Fresno State,Mountain West,West,#C41230,#13284C,http://a.espncdn.com/i/teamlogos/ncaa/500/278.png,http://a.espncdn.com/i/teamlogos/ncaa/500-dark/278.png
341,Frostburg State,Bobcats,FRO,,FRO,Frostburg St,,,#BA0C2F,#010101,http://a.espncdn.com/i/teamlogos/ncaa/500/341.png,http://a.espncdn.com/i/teamlogos/ncaa/500-dark/341.png
231,Furman,Paladins,FUR,,FUR,Furman,,,#582C83,#A7A8AA,http://a.espncdn.com/i/teamlogos/ncaa/500/231.png,http://a.espncdn.com/i/teamlogos/ncaa/500-dark/231.png
417,Gallaudet,Bison,GAL,,GAL,Gallaudet,,,#E8D4A2,#002A5C,http://a.espncdn.com/i/teamlogos/ncaa/500/417.png,http://a.espncdn.com/i/teamlogos/ncaa/500-dark/417.png
367,Gannon,Golden Knights,GAN,,GAN,Gannon,,,#960A2C,#F9A72B,http://a.espncdn.com/i/teamlogos/ncaa/500/367.png,http://a.espncdn.com/i/teamlogos/ncaa/500-dark/367.png
2241,Gardner-Webb,Bulldogs,WEBB,,WEBB,Gardner-Webb,,,#c12535,#909090,http://a.espncdn.com/i/teamlogos/ncaa/500/2241.png,http://a.espncdn.com/i/teamlogos/ncaa/500-dark/2241.png
2242,Geneva College,Golden Tornadoes,GEN,,GEN,Geneva College,,,#89734C,#010101,http://a.espncdn.com/i/teamlogos/ncaa/500/2242.png,http://a.espncdn.com/i/teamlogos/ncaa/500-dark/2242.png
415,George Fox University,Bruins,GFU,,GFU,George Fox,,,,,http://a.espncdn.com/i/teamlogos/ncaa/500/415.png,http://a.espncdn.com/i/teamlogos/ncaa/500-dark/415.png
2244,George Mason,Patriots,GMU,,GMU,George Mason,,,#215732,#FFC72C,http://a.espncdn.com/i/teamlogos/ncaa/500/2244.png,http://a.espncdn.com/i/teamlogos/ncaa/500-dark/2244.png
46,Georgetown,Hoyas,GTWN,,GTWN,Georgetown,,,#041E42,#AFA9A0,http://a.espncdn.com/i/teamlogos/ncaa/500/46.png,http://a.espncdn.com/i/teamlogos/ncaa/500-dark/46.png
61,Georgia,Bulldogs,UGA,,UGA,Georgia,SEC,East,#BA0C2F,#2C2A29,http://a.espncdn.com/i/teamlogos/ncaa/500/61.png,http://a.espncdn.com/i/teamlogos/ncaa/500-dark/61.png
290,Georgia Southern,Eagles,GASO,,GASO,Ga Southern,Sun Belt,,#041E42,#A99260,http://a.espncdn.com/i/teamlogos/ncaa/500/290.png,http://a.espncdn.com/i/teamlogos/ncaa/500-dark/290.png
2247,Georgia State,Panthers,GAST,,GAST,Georgia State,Sun Belt,,#0039A6,#CC0000,http://a.espncdn.com/i/teamlogos/ncaa/500/2247.png,http://a.espncdn.com/i/teamlogos/ncaa/500-dark/2247.png
59,Georgia Tech,Yellow Jackets,GT,,GT,Georgia Tech,ACC,Coastal,#B3A369,#000000,http://a.espncdn.com/i/teamlogos/ncaa/500/59.png,http://a.espncdn.com/i/teamlogos/ncaa/500-dark/59.png
2248,Gettysburg,Bullets,GET,,GET,Gettysburg,,,#E87722,#002F6C,http://a.espncdn.com/i/teamlogos/ncaa/500/2248.png,http://a.espncdn.com/i/teamlogos/ncaa/500-dark/2248.png
2249,Glenville State,Pioneers,GLE,,GLE,Glenville St,,,#003DA5,#010101,http://a.espncdn.com/i/teamlogos/ncaa/500/2249.png,http://a.espncdn.com/i/teamlogos/ncaa/500-dark/2249.png
530,Graceland University,Yellowjackets,GRC,,GRC,Graceland University,,,#000000,,http://a.espncdn.com/i/teamlogos/ncaa/500/530.png,http://a.espncdn.com/i/teamlogos/ncaa/500-dark/530.png
2755,Grambling,Tigers,GRAM,Grambling State,GRAM,Grambling,,,#ee8601,#ffd10a,http://a.espncdn.com/i/teamlogos/ncaa/500/2755.png,http://a.espncdn.com/i/teamlogos/ncaa/500-dark/2755.png
125,Grand Valley State,Lakers,GVSU,,GVSU,Grand Valley St,,,#0033A0,#000000,http://a.espncdn.com/i/teamlogos/ncaa/500/125.png,http://a.espncdn.com/i/teamlogos/ncaa/500-dark/125.png
2256,Greensboro,Pride,GRN,,GRN,Greensboro,,,#007A53,#8D9093,http://a.espncdn.com/i/teamlogos/ncaa/500/2256.png,http://a.espncdn.com/i/teamlogos/ncaa/500-dark/2256.png
2257,Greenville,Panthers,GRE,,GRE,Greenville,,,#E35205,#010101,http://a.espncdn.com/i/teamlogos/ncaa/500/2257.png,http://a.espncdn.com/i/teamlogos/ncaa/500-dark/2257.png
65,Grinnell,Pioneers,GRI,,GRI,Grinnell,,,#000000,#DA291C,http://a.espncdn.com/i/teamlogos/ncaa/500/65.png,http://a.espncdn.com/i/teamlogos/ncaa/500-dark/65.png
146,Grove City College,Wolverines,GRO,,GRO,Grove City,,,#DA291C,#FFFFFF,http://a.espncdn.com/i/teamlogos/ncaa/500/146.png,http://a.espncdn.com/i/teamlogos/ncaa/500-dark/146.png
2258,Guilford,Quakers,GUI,,GUI,Guilford,,,#862633,#D9D9D9,http://a.espncdn.com/i/teamlogos/ncaa/500/2258.png,http://a.espncdn.com/i/teamlogos/ncaa/500-dark/2258.png
2968,Gustavus Adolphus,Golden Gusties,GUS,,GUS,Gustavus Adolphus,,,#000000,#FFCF00,http://a.espncdn.com/i/teamlogos/ncaa/500/2968.png,http://a.espncdn.com/i/teamlogos/ncaa/500-dark/2968.png
348,Hamilton,Continentals,HAM,,HAM,Hamilton,,,#002F86,#D6BA8B,http://a.espncdn.com/i/teamlogos/ncaa/500/348.png,http://a.espncdn.com/i/teamlogos/ncaa/500-dark/348.png
162,Hamline,Fighting Pipers,HAM,,HAM,Hamline,,,#95021E,#BFB9B6,http://a.espncdn.com/i/teamlogos/ncaa/500/162.png,http://a.espncdn.com/i/teamlogos/ncaa/500-dark/162.png
297,Hampden-Sydney,Tigers,HAM,,HAM,Hampden-Sydney,,,#9D183D,#B1B7BB,http://a.espncdn.com/i/teamlogos/ncaa/500/297.png,http://a.espncdn.com/i/teamlogos/ncaa/500-dark/297.png
2261,Hampton,Pirates,HAMP,,HAMP,Hampton,,,#265198,#A0A0A2,http://a.espncdn.com/i/teamlogos/ncaa/500/2261.png,http://a.espncdn.com/i/teamlogos/ncaa/500-dark/2261.png
2262,Hanover,Panthers,HAN,,HAN,Hanover,,,#A6192E,#003087,http://a.espncdn.com/i/teamlogos/ncaa/500/2262.png,http://a.espncdn.com/i/teamlogos/ncaa/500-dark/2262.png
2264,Harding,Bison,HAR,,HAR,Harding,,,#000000,,http://a.espncdn.com/i/teamlogos/ncaa/500/2264.png,http://a.espncdn.com/i/teamlogos/ncaa/500-dark/2264.png
2810,Hardin-Simmons,Cowboys,HAR,,HAR,Hardin-Simmons,,,#581483,#FFC72C,http://a.espncdn.com/i/teamlogos/ncaa/500/2810.png,http://a.espncdn.com/i/teamlogos/ncaa/500-dark/2810.png
173,Hartwick,Hawks,HAR,,HAR,Hartwick,,,#0033A1,#000000,http://a.espncdn.com/i/teamlogos/ncaa/500/173.png,http://a.espncdn.com/i/teamlogos/ncaa/500-dark/173.png
108,Harvard,Crimson,HARV,,HARV,Harvard,,,#A31F36,#2C2A29,http://a.espncdn.com/i/teamlogos/ncaa/500/108.png,http://a.espncdn.com/i/teamlogos/ncaa/500-dark/108.png
535,Haskell Indian Nations,Jayhawks,HAS,Haskell Indian Nations,HAS,Haskell Indian Natio,,,#000000,,http://a.espncdn.com/i/teamlogos/ncaa/500/535.png,http://a.espncdn.com/i/teamlogos/ncaa/500-dark/535.png
62,Hawai'i,Rainbow Warriors,HAW,,HAW,Hawai'i,Mountain West,West,#003420,#ffffff,http://a.espncdn.com/i/teamlogos/ncaa/500/62.png,http://a.espncdn.com/i/teamlogos/ncaa/500-dark/62.png
191,Heidelberg,Student Princes,HEI,,HEI,Heidelberg,,,#FA4616,#C8102E,http://a.espncdn.com/i/teamlogos/ncaa/500/191.png,http://a.espncdn.com/i/teamlogos/ncaa/500-dark/191.png
2271,Henderson State,Reddies,HEN,,HEN,Henderson St,,,#A91D36,#000000,http://a.espncdn.com/i/teamlogos/ncaa/500/2271.png,http://a.espncdn.com/i/teamlogos/ncaa/500-dark/2271.png
418,Hendrix College,Warriors,HEND,,HEND,Hendrix,,,#010101,#E87722,http://a.espncdn.com/i/teamlogos/ncaa/500/418.png,http://a.espncdn.com/i/teamlogos/ncaa/500-dark/418.png
2273,Hillsdale,Chargers,HIL,,HIL,Hillsdale,,,#004678,#ABADBC,http://a.espncdn.com/i/teamlogos/ncaa/500/2273.png,http://a.espncdn.com/i/teamlogos/ncaa/500-dark/2273.png
2274,Hiram,Terriers,HIR,,HIR,Hiram,,,#003A70,#8A1538,http://a.espncdn.com/i/teamlogos/ncaa/500/2274.png,http://a.espncdn.com/i/teamlogos/ncaa/500-dark/2274.png
174,Hobart,Statesmen,HOB,,HOB,Hobart,,,#472663,#FF6418,http://a.espncdn.com/i/teamlogos/ncaa/500/174.png,http://a.espncdn.com/i/teamlogos/ncaa/500-dark/174.png
108354,Holland College,Hurricanes,HC,,HC,Holland College,,,,,,
107,Holy Cross,Crusaders,HC,,HC,Holy Cross,,,#602D89,#000000,http://a.espncdn.com/i/teamlogos/ncaa/500/107.png,http://a.espncdn.com/i/teamlogos/ncaa/500-dark/107.png
2812,Hope,Flying Dutchmen,HOP,,HOP,Hope,,,#E35205,#0C2340,http://a.espncdn.com/i/teamlogos/ncaa/500/2812.png,http://a.espncdn.com/i/teamlogos/ncaa/500-dark/2812.png
248,Houston,Cougars,HOU,,HOU,Houston,American Athletic,West,#C92A39,#B8B9B7,http://a.espncdn.com/i/teamlogos/ncaa/500/248.png,http://a.espncdn.com/i/teamlogos/ncaa/500-dark/248.png
2277,Houston Baptist,Huskies,HBU,,HBU,Houston Baptist,,,#062F87,#FA4D09,http://a.espncdn.com/i/teamlogos/ncaa/500/2277.png,http://a.espncdn.com/i/teamlogos/ncaa/500-dark/2277.png
47,Howard,Bison,HOW,,HOW,Howard,,,#003A63,#E31837,http://a.espncdn.com/i/teamlogos/ncaa/500/47.png,http://a.espncdn.com/i/teamlogos/ncaa/500-dark/47.png
2758,Howard Payne,Yellow Jackets,HOW,,HOW,Howard Payne,,,#00205B,#FED141,http://a.espncdn.com/i/teamlogos/ncaa/500/2758.png,http://a.espncdn.com/i/teamlogos/ncaa/500-dark/2758.png
2278,Humboldt State,Lumberjacks,HUM,,HUM,Humboldt St,,,#046A38,#FFC72C,http://a.espncdn.com/i/teamlogos/ncaa/500/2278.png,http://a.espncdn.com/i/teamlogos/ncaa/500-dark/2278.png
2938,Huntingdon,Hawks,HUN,,HUN,Huntingdon,,,#C8102E,#BBBCBC,http://a.espncdn.com/i/teamlogos/ncaa/500/2938.png,http://a.espncdn.com/i/teamlogos/ncaa/500-dark/2938.png
2280,Husson,Eagles,HUS,,HUS,Husson,,,#004C45,#A89968,http://a.espncdn.com/i/teamlogos/ncaa/500/2280.png,http://a.espncdn.com/i/teamlogos/ncaa/500-dark/2280.png
70,Idaho,Vandals,IDHO,,IDHO,Idaho,,,#F1B300,#191919,http://a.espncdn.com/i/teamlogos/ncaa/500/70.png,http://a.espncdn.com/i/teamlogos/ncaa/500-dark/70.png
304,Idaho State,Bengals,IDST,,IDST,Idaho State,,,#F47920,#000000,http://a.espncdn.com/i/teamlogos/ncaa/500/304.png,http://a.espncdn.com/i/teamlogos/ncaa/500-dark/304.png
356,Illinois,Fighting Illini,ILL,,ILL,Illinois,Big Ten,West,#13294B,#FF5F05,http://a.espncdn.com/i/teamlogos/ncaa/500/356.png,http://a.espncdn.com/i/teamlogos/ncaa/500-dark/356.png
2286,Illinois College,Blueboys,ILLC,,ILLC,Illinois College,,,#004A77,#828A93,http://a.espncdn.com/i/teamlogos/ncaa/500/2286.png,http://a.espncdn.com/i/teamlogos/ncaa/500-dark/2286.png
2287,Illinois State,Redbirds,ILST,,ILST,Illinois State,,,#CE142B,#000000,http://a.espncdn.com/i/teamlogos/ncaa/500/2287.png,http://a.espncdn.com/i/teamlogos/ncaa/500-dark/2287.png
306,Illinois Wesleyan,Titans,ILL,,ILL,Illinois Wesleyan,,,#006747,#C1C6C8,http://a.espncdn.com/i/teamlogos/ncaa/500/306.png,http://a.espncdn.com/i/teamlogos/ncaa/500-dark/306.png
2916,Incarnate Word,Cardinals,IW,,IW,Incarnate Word,,,#CB333B,#000000,http://a.espncdn.com/i/teamlogos/ncaa/500/2916.png,http://a.espncdn.com/i/teamlogos/ncaa/500-dark/2916.png
84,Indiana,Hoosiers,IND,,IND,Indiana,Big Ten,East,#990000,#EDEBEB,http://a.espncdn.com/i/teamlogos/ncaa/500/84.png,http://a.espncdn.com/i/teamlogos/ncaa/500-dark/84.png
2291,Indiana (PA),Crimson Hawks,IND,,IND,Indiana (PA),,,#000000,,http://a.espncdn.com/i/teamlogos/ncaa/500/2291.png,http://a.espncdn.com/i/teamlogos/ncaa/500-dark/2291.png
2292,Indianapolis,Greyhounds,IND,,IND,Indianapolis,,,#9D2136,#C0BFBA,http://a.espncdn.com/i/teamlogos/ncaa/500/2292.png,http://a.espncdn.com/i/teamlogos/ncaa/500-dark/2292.png
282,Indiana State,Sycamores,INST,,INST,Indiana State,,,#224E92,#CECFCE,http://a.espncdn.com/i/teamlogos/ncaa/500/282.png,http://a.espncdn.com/i/teamlogos/ncaa/500-dark/282.png
2294,Iowa,Hawkeyes,IOWA,,IOWA,Iowa,Big Ten,West,#000000,#FCD116,http://a.espncdn.com/i/teamlogos/ncaa/500/2294.png,http://a.espncdn.com/i/teamlogos/ncaa/500-dark/2294.png
66,Iowa State,Cyclones,ISU,,ISU,Iowa State,Big 12,,#822433,#FDCA2F,http://a.espncdn.com/i/teamlogos/ncaa/500/66.png,http://a.espncdn.com/i/teamlogos/ncaa/500-dark/66.png
2295,Iowa Wesleyan,Tigers,IOW,,IOW,Iowa Wesleyan,,,#5C2C81,#9C7C38,http://a.espncdn.com/i/teamlogos/ncaa/500/2295.png,http://a.espncdn.com/i/teamlogos/ncaa/500-dark/2295.png
175,Ithaca,Bombers,ITH,,ITH,Ithaca,,,#003B71,#9C9C9C,http://a.espncdn.com/i/teamlogos/ncaa/500/175.png,http://a.espncdn.com/i/teamlogos/ncaa/500-dark/175.png
2296,Jackson State,Tigers,JKST,,JKST,Jackson State,,,#002147,#008ED6,http://a.espncdn.com/i/teamlogos/ncaa/500/2296.png,http://a.espncdn.com/i/teamlogos/ncaa/500-dark/2296.png
294,Jacksonville,Dolphins,JAC,,JAC,Jacksonville,,,#004E42,#C5B783,http://a.espncdn.com/i/teamlogos/ncaa/500/294.png,http://a.espncdn.com/i/teamlogos/ncaa/500-dark/294.png
55,Jacksonville State,Gamecocks,JVST,,JVST,Jacksonville St,,,#CA2026,#000000,http://a.espncdn.com/i/teamlogos/ncaa/500/55.png,http://a.espncdn.com/i/teamlogos/ncaa/500-dark/55.png
256,James Madison,Dukes,JMU,,JMU,JMU,,,#450084,#B3A369,http://a.espncdn.com/i/teamlogos/ncaa/500/256.png,http://a.espncdn.com/i/teamlogos/ncaa/500-dark/256.png
2939,Jamestown,Jimmies,JAM,,JAM,Jamestown,,,#F2622B,#080808,http://a.espncdn.com/i/teamlogos/ncaa/500/2939.png,http://a.espncdn.com/i/teamlogos/ncaa/500-dark/2939.png
2302,John Carroll,Blue Streaks,JOH,,JOH,John Carroll,,,#28334A,#B9975B,http://a.espncdn.com/i/teamlogos/ncaa/500/2302.png,http://a.espncdn.com/i/teamlogos/ncaa/500-dark/2302.png
118,Johns Hopkins,Blue Jays,JOH,,JOH,Johns Hopkins,,,#68ACE5,#000000,http://a.espncdn.com/i/teamlogos/ncaa/500/118.png,http://a.espncdn.com/i/teamlogos/ncaa/500-dark/118.png
2304,Johnson C Smith,Golden Bulls,JOH,,JOH,Johnson C Smith,,,#000000,,http://a.espncdn.com/i/teamlogos/ncaa/500/2304.png,http://a.espncdn.com/i/teamlogos/ncaa/500-dark/2304.png
246,Juniata,Eagles,JUN,,JUN,Juniata,,,#1B365D,#A89968,http://a.espncdn.com/i/teamlogos/ncaa/500/246.png,http://a.espncdn.com/i/teamlogos/ncaa/500-dark/246.png
126,Kalamazoo,Hornets,KAL,,KAL,Kalamazoo,,,#EC6820,#222020,http://a.espncdn.com/i/teamlogos/ncaa/500/126.png,http://a.espncdn.com/i/teamlogos/ncaa/500-dark/126.png
2305,Kansas,Jayhawks,KU,,KU,Kansas,Big 12,,#0051BA,#E8000D,http://a.espncdn.com/i/teamlogos/ncaa/500/2305.png,http://a.espncdn.com/i/teamlogos/ncaa/500-dark/2305.png
2306,Kansas State,Wildcats,KSU,,KSU,Kansas State,Big 12,,#330A57,#A7A9AC,http://a.espncdn.com/i/teamlogos/ncaa/500/2306.png,http://a.espncdn.com/i/teamlogos/ncaa/500-dark/2306.png
547,Kansas Wesleyan University,Coyotes,KNW,,KNW,Kansas Wesleyan U,,,#000000,,http://a.espncdn.com/i/teamlogos/ncaa/500/547.png,http://a.espncdn.com/i/teamlogos/ncaa/500-dark/547.png
338,Kennesaw State,Owls,KENN,,KENN,Kennesaw St,,,#0B1315,#FDBB30,http://a.espncdn.com/i/teamlogos/ncaa/500/338.png,http://a.espncdn.com/i/teamlogos/ncaa/500-dark/338.png
2309,Kent State,Golden Flashes,KENT,,KENT,Kent State,Mid-American,East,#002664,#EFAB00,http://a.espncdn.com/i/teamlogos/ncaa/500/2309.png,http://a.espncdn.com/i/teamlogos/ncaa/500-dark/2309.png
96,Kentucky,Wildcats,UK,,UK,Kentucky,SEC,East,#0033A0,#C8C9C7,http://a.espncdn.com/i/teamlogos/ncaa/500/96.png,http://a.espncdn.com/i/teamlogos/ncaa/500-dark/96.png
2310,Kentucky State,Thorobreds,KYS,,KYS,Kentucky St,,,#046A38,#FFD100,http://a.espncdn.com/i/teamlogos/ncaa/500/2310.png,http://a.espncdn.com/i/teamlogos/ncaa/500-dark/2310.png
2316,Kentucky Wesleyan,Panthers,KYW,,KYW,Kentucky Wesleyan,,,#392082,#A7A8AA,http://a.espncdn.com/i/teamlogos/ncaa/500/2316.png,http://a.espncdn.com/i/teamlogos/ncaa/500-dark/2316.png
352,Kenyon,Lords,KEN,,KEN,Kenyon,,,#4B2E84,#A2AAB6,http://a.espncdn.com/i/teamlogos/ncaa/500/352.png,http://a.espncdn.com/i/teamlogos/ncaa/500-dark/352.png
247,King's College (PA),Monarchs,KIN,,KIN,King's  (PA),,,#CC0033,#FFCD00,http://a.espncdn.com/i/teamlogos/ncaa/500/247.png,http://a.espncdn.com/i/teamlogos/ncaa/500-dark/247.png
2315,Kutztown,Golden Bears,KUT,,KUT,Kutztown,,,#782F40,#A49473,http://a.espncdn.com/i/teamlogos/ncaa/500/2315.png,http://a.espncdn.com/i/teamlogos/ncaa/500-dark/2315.png
322,Lafayette,Leopards,LAF,,LAF,Lafayette,,,#910029,#000000,http://a.espncdn.com/i/teamlogos/ncaa/500/322.png,http://a.espncdn.com/i/teamlogos/ncaa/500-dark/322.png
548,LaGrange College,Panthers,LAG,,LAG,LaGrange,,,#C4203C,#000000,http://a.espncdn.com/i/teamlogos/ncaa/500/548.png,http://a.espncdn.com/i/teamlogos/ncaa/500-dark/548.png
437,Lake Erie College,Storm,LKE,,LKE,Lake Erie,,,#113D2A,#000000,http://a.espncdn.com/i/teamlogos/ncaa/500/437.png,http://a.espncdn.com/i/teamlogos/ncaa/500-dark/437.png
262,Lake Forest,Foresters,LAK,,LAK,Lake Forest,,,#C8102E,#000000,http://a.espncdn.com/i/teamlogos/ncaa/500/262.png,http://a.espncdn.com/i/teamlogos/ncaa/500-dark/262.png
2320,Lamar,Cardinals,LAM,,LAM,Lamar,,,#E31937,#000000,http://a.espncdn.com/i/teamlogos/ncaa/500/2320.png,http://a.espncdn.com/i/teamlogos/ncaa/500-dark/2320.png
2321,Lambuth,Eagles,LAM,,LAM,Lambuth,,,#000000,,http://a.espncdn.com/i/teamlogos/ncaa/500/2321.png,http://a.espncdn.com/i/teamlogos/ncaa/500-dark/2321.png
2324,Langston,Lions,LAN,,LAN,Langston,,,#1B3668,#F2682A,http://a.espncdn.com/i/teamlogos/ncaa/500/2324.png,http://a.espncdn.com/i/teamlogos/ncaa/500-dark/2324.png
2318,La Verne,Leopards,LAV,,LAV,La Verne,,,#000000,,http://a.espncdn.com/i/teamlogos/ncaa/500/2318.png,http://a.espncdn.com/i/teamlogos/ncaa/500-dark/2318.png
268,Lawrence,Vikings,LAW,,LAW,Lawrence,,,#003D6A,#231F20,http://a.espncdn.com/i/teamlogos/ncaa/500/268.png,http://a.espncdn.com/i/teamlogos/ncaa/500-dark/268.png
388,Lebanon Valley,Flying Dutchmen,LEB,,LEB,Lebanon Valley,,,#00305C,#B2B4B3,http://a.espncdn.com/i/teamlogos/ncaa/500/388.png,http://a.espncdn.com/i/teamlogos/ncaa/500-dark/388.png
2329,Lehigh,Mountain Hawks,LEH,,LEH,Lehigh,,,#653819,#C2A875,http://a.espncdn.com/i/teamlogos/ncaa/500/2329.png,http://a.espncdn.com/i/teamlogos/ncaa/500-dark/2329.png
2331,Lenoir-Rhyne,Bears,LEN,,LEN,Lenoir-Rhyne,,,#89192C,#000000,http://a.espncdn.com/i/teamlogos/ncaa/500/2331.png,http://a.espncdn.com/i/teamlogos/ncaa/500-dark/2331.png
2333,Lewis & Clark,Pioneers,LEW,,LEW,Lewis & Clark,,,#F36F21,#000000,http://a.espncdn.com/i/teamlogos/ncaa/500/2333.png,http://a.espncdn.com/i/teamlogos/ncaa/500-dark/2333.png
2335,Liberty,Flames,LIB,,LIB,Liberty,FBS Independents,,#0A254E,#B72025,http://a.espncdn.com/i/teamlogos/ncaa/500/2335.png,http://a.espncdn.com/i/teamlogos/ncaa/500-dark/2335.png
2336,Limestone,Saints,LIM,,LIM,Limestone,,,#0033A1,#FDE021,http://a.espncdn.com/i/teamlogos/ncaa/500/2336.png,http://a.espncdn.com/i/teamlogos/ncaa/500-dark/2336.png
2876,Lincoln (MO),Blue Tigers,LIN,,LIN,Lincoln (MO),,,#102548,#898B8E,http://a.espncdn.com/i/teamlogos/ncaa/500/2876.png,http://a.espncdn.com/i/teamlogos/ncaa/500-dark/2876.png
2339,Lincoln (PA),Lions,LIN,,LIN,Lincoln (PA),,,#003366,#FF7F00,http://a.espncdn.com/i/teamlogos/ncaa/500/2339.png,http://a.espncdn.com/i/teamlogos/ncaa/500-dark/2339.png
2815,Lindenwood,Lions,LIN,,LIN,Lindenwood,,,#000000,#B5A36A,http://a.espncdn.com/i/teamlogos/ncaa/500/2815.png,http://a.espncdn.com/i/teamlogos/ncaa/500-dark/2815.png
3209,Lindenwood Belleville,Lynx,LIND,,LIND,Lindenwood Bell,,,,,http://a.espncdn.com/i/teamlogos/ncaa/500/3209.png,http://a.espncdn.com/i/teamlogos/ncaa/500-dark/3209.png
2877,Lindsey Wilson,Blue Raiders,LIN,,LIN,Lindsey Wilson,,,#0063A5,#000000,http://a.espncdn.com/i/teamlogos/ncaa/500/2877.png,http://a.espncdn.com/i/teamlogos/ncaa/500-dark/2877.png
203,Linfield,Wildcats,LIN,,LIN,Linfield,,,#470A68,#D50032,http://a.espncdn.com/i/teamlogos/ncaa/500/203.png,http://a.espncdn.com/i/teamlogos/ncaa/500-dark/203.png
2089,LIU Post,Pioneers,LIU,,LIU,LIU Post,,,#0E553F,#EDAA00,http://a.espncdn.com/i/teamlogos/ncaa/500/2089.png,http://a.espncdn.com/i/teamlogos/ncaa/500-dark/2089.png
2940,Livingstone,Blue Bears,LVI,,LVI,Livingstone,,,#86B0C6,#000000,http://a.espncdn.com/i/teamlogos/ncaa/500/2940.png,http://a.espncdn.com/i/teamlogos/ncaa/500-dark/2940.png
209,Lock Haven,Bald Eagles,LOC,,LOC,Lock Haven,,,#7A0026,#231F20,http://a.espncdn.com/i/teamlogos/ncaa/500/209.png,http://a.espncdn.com/i/teamlogos/ncaa/500-dark/209.png
309,Louisiana,Ragin' Cajuns,ULL,UL Lafayette,ULL,Louisiana,Sun Belt,,#CE181E,#0A0203,http://a.espncdn.com/i/teamlogos/ncaa/500/309.png,http://a.espncdn.com/i/teamlogos/ncaa/500-dark/309.png
2347,Louisiana College,Wildcats,LAC,,LAC,Louisiana,,,#0038A8,#F74902,http://a.espncdn.com/i/teamlogos/ncaa/500/2347.png,http://a.espncdn.com/i/teamlogos/ncaa/500-dark/2347.png
2433,Louisiana Monroe,Warhawks,ULM,La.-Monroe,ULM,UL Monroe,Sun Belt,,#840029,#FDB913,http://a.espncdn.com/i/teamlogos/ncaa/500/2433.png,http://a.espncdn.com/i/teamlogos/ncaa/500-dark/2433.png
2348,Louisiana Tech,Bulldogs,LT,,LT,LA Tech,Conference USA,West,#003087,#CB333B,http://a.espncdn.com/i/teamlogos/ncaa/500/2348.png,http://a.espncdn.com/i/teamlogos/ncaa/500-dark/2348.png
97,Louisville,Cardinals,LOU,,LOU,Louisville,ACC,Atlantic,#C9001F,#000000,http://a.espncdn.com/i/teamlogos/ncaa/500/97.png,http://a.espncdn.com/i/teamlogos/ncaa/500-dark/97.png
99,LSU,Tigers,LSU,Louisiana State,LSU,LSU,SEC,West,#461D7C,#FDD023,http://a.espncdn.com/i/teamlogos/ncaa/500/99.png,http://a.espncdn.com/i/teamlogos/ncaa/500-dark/99.png
67,Luther,Norse,LUT,,LUT,Luther,,,#004C97,#000000,http://a.espncdn.com/i/teamlogos/ncaa/500/67.png,http://a.espncdn.com/i/teamlogos/ncaa/500-dark/67.png
2354,Lycoming,Warriors,LYC,,LYC,Lycoming,,,#00305C,#E6B012,http://a.espncdn.com/i/teamlogos/ncaa/500/2354.png,http://a.espncdn.com/i/teamlogos/ncaa/500-dark/2354.png
2359,Macalester,Scots,MAC,,MAC,Macalester,,,#01426A,#D44420,http://a.espncdn.com/i/teamlogos/ncaa/500/2359.png,http://a.espncdn.com/i/teamlogos/ncaa/500-dark/2359.png
273,MacMurray College,Highlanders,MAC,,MAC,MacMurray,,,#000000,,http://a.espncdn.com/i/teamlogos/ncaa/500/273.png,http://a.espncdn.com/i/teamlogos/ncaa/500-dark/273.png
311,Maine,Black Bears,MAINE,,MAINE,Maine,,,#003263,#B0D7FF,http://a.espncdn.com/i/teamlogos/ncaa/500/311.png,http://a.espncdn.com/i/teamlogos/ncaa/500-dark/311.png
274,Maine Maritime,Mariners,MAI,,MAI,Maine Maritime,,,#005EAE,#FEC925,http://a.espncdn.com/i/teamlogos/ncaa/500/274.png,http://a.espncdn.com/i/teamlogos/ncaa/500-dark/274.png
556,Malone,Pioneers,MAL,,MAL,Malone,,,#003E7E,#C41230,http://a.espncdn.com/i/teamlogos/ncaa/500/556.png,http://a.espncdn.com/i/teamlogos/ncaa/500-dark/556.png
2362,Manchester,Spartans,MAN,,MAN,Manchester,,,#E0CC61,#0A0203,http://a.espncdn.com/i/teamlogos/ncaa/500/2362.png,http://a.espncdn.com/i/teamlogos/ncaa/500-dark/2362.png
2770,Manitoba,Bisons,MAN,,MAN,Manitoba,,,#562E18,#B6985E,http://a.espncdn.com/i/teamlogos/ncaa/500/2770.png,http://a.espncdn.com/i/teamlogos/ncaa/500-dark/2770.png
2365,Mansfield,Mountaineers,MAN,,MAN,Mansfield,,,#D3103E,#231F20,http://a.espncdn.com/i/teamlogos/ncaa/500/2365.png,http://a.espncdn.com/i/teamlogos/ncaa/500-dark/2365.png
421,Maranatha Baptist College,Crusaders,MAR,,MAR,Maranatha Baptist,,,#041E41,#F0C415,http://a.espncdn.com/i/teamlogos/ncaa/500/421.png,http://a.espncdn.com/i/teamlogos/ncaa/500-dark/421.png
2366,Marian,Knights,MAR,,MAR,Marian,,,#031E51,#FDB813,http://a.espncdn.com/i/teamlogos/ncaa/500/2366.png,http://a.espncdn.com/i/teamlogos/ncaa/500-dark/2366.png
317,Marietta,Pioneers,MAR,,MAR,Marietta,,,#00205B,#8A8D8F,http://a.espncdn.com/i/teamlogos/ncaa/500/317.png,http://a.espncdn.com/i/teamlogos/ncaa/500-dark/317.png
2368,Marist,Red Foxes,MRST,,MRST,Marist,,,#C8102E,#231F20,http://a.espncdn.com/i/teamlogos/ncaa/500/2368.png,http://a.espncdn.com/i/teamlogos/ncaa/500-dark/2368.png
276,Marshall,Thundering Herd,MRSH,,MRSH,Marshall,Conference USA,East,#00B140,#27251F,http://a.espncdn.com/i/teamlogos/ncaa/500/276.png,http://a.espncdn.com/i/teamlogos/ncaa/500-dark/276.png
2369,Mars Hill,Lions,MAR,,MAR,Mars Hill,,,#002D72,#90754D,http://a.espncdn.com/i/teamlogos/ncaa/500/2369.png,http://a.espncdn.com/i/teamlogos/ncaa/500-dark/2369.png
446,Martin Luther College,Knights,MAR,,MAR,Martin Luther,,,#000000,#C8102E,http://a.espncdn.com/i/teamlogos/ncaa/500/446.png,http://a.espncdn.com/i/teamlogos/ncaa/500-dark/446.png
2371,Mary Hardin-Baylor,Crusaders,MAR,,MAR,Mary Hardin-Baylor,,,#4F1F91,#FFC726,http://a.espncdn.com/i/teamlogos/ncaa/500/2371.png,http://a.espncdn.com/i/teamlogos/ncaa/500-dark/2371.png
120,Maryland,Terrapins,MD,,MD,Maryland,Big Ten,East,#E21833,#FFD200,http://a.espncdn.com/i/teamlogos/ncaa/500/120.png,http://a.espncdn.com/i/teamlogos/ncaa/500-dark/120.png
2373,Maryville TN,Fighting Scots,MAR,Maryville (TN),MAR,Maryville TN,,,#000000,,http://a.espncdn.com/i/teamlogos/ncaa/500/2373.png,http://a.espncdn.com/i/teamlogos/ncaa/500-dark/2373.png
110,Mass Maritime,Buccaneers,MAS,,MAS,Mass Maritime,,,#000000,,http://a.espncdn.com/i/teamlogos/ncaa/500/110.png,http://a.espncdn.com/i/teamlogos/ncaa/500-dark/110.png
561,Mayville State,Comets,MAY,,MAY,Mayville St,,,#000000,,http://a.espncdn.com/i/teamlogos/ncaa/500/561.png,http://a.espncdn.com/i/teamlogos/ncaa/500-dark/561.png
2700,McDaniel College,Terrors,MCD,,MCD,McDaniel,,,#000000,,http://a.espncdn.com/i/teamlogos/ncaa/500/2700.png,http://a.espncdn.com/i/teamlogos/ncaa/500-dark/2700.png
241,McMurry,War Hawks,MCM,,MCM,McMurry,,,#6F1830,#000000,http://a.espncdn.com/i/teamlogos/ncaa/500/241.png,http://a.espncdn.com/i/teamlogos/ncaa/500-dark/241.png
2377,McNeese,Cowboys,MCNS,,MCNS,McNeese,,,#00529B,#FFD204,http://a.espncdn.com/i/teamlogos/ncaa/500/2377.png,http://a.espncdn.com/i/teamlogos/ncaa/500-dark/2377.png
235,Memphis,Tigers,MEM,,MEM,Memphis,American Athletic,West,#004991,#8E908F,http://a.espncdn.com/i/teamlogos/ncaa/500/235.png,http://a.espncdn.com/i/teamlogos/ncaa/500-dark/235.png
2381,Menlo,Oaks,MEN,,MEN,Menlo,,,#003A70,#B1B3B3,http://a.espncdn.com/i/teamlogos/ncaa/500/2381.png,http://a.espncdn.com/i/teamlogos/ncaa/500-dark/2381.png
2382,Mercer,Bears,MER,,MER,Mercer,,,#000000,#CB5307,http://a.espncdn.com/i/teamlogos/ncaa/500/2382.png,http://a.espncdn.com/i/teamlogos/ncaa/500-dark/2382.png
2383,Merchant Marine,Mariners,MER,,MER,Merchant Marine,,,#093A88,#6C6C6C,http://a.espncdn.com/i/teamlogos/ncaa/500/2383.png,http://a.espncdn.com/i/teamlogos/ncaa/500-dark/2383.png
2385,Mercyhurst,Lakers,MER,,MER,Mercyhurst,,,#0F4F44,#171E3A,http://a.espncdn.com/i/teamlogos/ncaa/500/2385.png,http://a.espncdn.com/i/teamlogos/ncaa/500-dark/2385.png
2771,Merrimack,Warriors,MER,,MER,Merrimack,,,#003768,#F1C400,http://a.espncdn.com/i/teamlogos/ncaa/500/2771.png,http://a.espncdn.com/i/teamlogos/ncaa/500-dark/2771.png
291,Methodist,Monarchs,MTH,,MTH,Methodist,,,#034D36,#FABF16,http://a.espncdn.com/i/teamlogos/ncaa/500/291.png,http://a.espncdn.com/i/teamlogos/ncaa/500-dark/291.png
2390,Miami,Hurricanes,MIAMI,Miami (FL),MIAMI,Miami,ACC,Coastal,#005030,#F05A00,http://a.espncdn.com/i/teamlogos/ncaa/500/2390.png,http://a.espncdn.com/i/teamlogos/ncaa/500-dark/2390.png
193,Miami (OH),RedHawks,M-OH,,M-OH,Miami (OH),Mid-American,East,#B61E2E,#000000,http://a.espncdn.com/i/teamlogos/ncaa/500/193.png,http://a.espncdn.com/i/teamlogos/ncaa/500-dark/193.png
130,Michigan,Wolverines,MICH,,MICH,Michigan,Big Ten,East,#00274C,#FFCB05,http://a.espncdn.com/i/teamlogos/ncaa/500/130.png,http://a.espncdn.com/i/teamlogos/ncaa/500-dark/130.png
127,Michigan State,Spartans,MSU,,MSU,Michigan State,Big Ten,East,#173F35,#FFFFFF,http://a.espncdn.com/i/teamlogos/ncaa/500/127.png,http://a.espncdn.com/i/teamlogos/ncaa/500-dark/127.png
2392,Michigan Tech,Huskies,MIC,,MIC,Michigan Tech,,,#000000,#FFCD00,http://a.espncdn.com/i/teamlogos/ncaa/500/2392.png,http://a.espncdn.com/i/teamlogos/ncaa/500-dark/2392.png
2394,Middlebury,Panthers,MID,,MID,Middlebury,,,#003882,#FFFFFF,http://a.espncdn.com/i/teamlogos/ncaa/500/2394.png,http://a.espncdn.com/i/teamlogos/ncaa/500-dark/2394.png
2393,Middle Tennessee,Blue Raiders,MTSU,Middle Tennessee State,MTSU,Mid Tennessee,Conference USA,East,#0066CC,#000000,http://a.espncdn.com/i/teamlogos/ncaa/500/2393.png,http://a.espncdn.com/i/teamlogos/ncaa/500-dark/2393.png
565,Midland University,Warriors,MID,,MID,Midland U,,,#000000,,http://a.espncdn.com/i/teamlogos/ncaa/500/565.png,http://a.espncdn.com/i/teamlogos/ncaa/500-dark/565.png
2395,Midwestern State,Mustangs,MID,,MID,Midwest,,,#862633,#EAAA00,http://a.espncdn.com/i/teamlogos/ncaa/500/2395.png,http://a.espncdn.com/i/teamlogos/ncaa/500-dark/2395.png
2396,Miles,Golden Bears,MIL,,MIL,Miles,,,#580D69,#E2D000,http://a.espncdn.com/i/teamlogos/ncaa/500/2396.png,http://a.espncdn.com/i/teamlogos/ncaa/500-dark/2396.png
210,Millersville,Marauders,MIL,,MIL,Millersville,,,#000000,#EEB111,http://a.espncdn.com/i/teamlogos/ncaa/500/210.png,http://a.espncdn.com/i/teamlogos/ncaa/500-dark/210.png
74,Millikin,Big Blue,MIL,,MIL,Millikin,,,#113C61,#FFFFFF,http://a.espncdn.com/i/teamlogos/ncaa/500/74.png,http://a.espncdn.com/i/teamlogos/ncaa/500-dark/74.png
2398,Millsaps,Majors,MIL,,MIL,Millsaps,,,#330066,#CCCCCC,http://a.espncdn.com/i/teamlogos/ncaa/500/2398.png,http://a.espncdn.com/i/teamlogos/ncaa/500-dark/2398.png
135,Minnesota,Golden Gophers,MINN,,MINN,Minnesota,Big Ten,West,#5B0013,#FFB71E,http://a.espncdn.com/i/teamlogos/ncaa/500/135.png,http://a.espncdn.com/i/teamlogos/ncaa/500-dark/135.png
2772,Minnesota-Crookston,Golden Eagles,MIN,,MIN,Minnesota-Crookston,,,#7A0019,#FFCC33,http://a.espncdn.com/i/teamlogos/ncaa/500/2772.png,http://a.espncdn.com/i/teamlogos/ncaa/500-dark/2772.png
134,Minnesota-Duluth,Bulldogs,MNDU,,MNDU,Minnesota-Duluth,,,#7A0019,#FFCC33,http://a.espncdn.com/i/teamlogos/ncaa/500/134.png,http://a.espncdn.com/i/teamlogos/ncaa/500-dark/134.png
2399,Minnesota-Morris,Cougars,MIN,,MIN,Minnesota-Morris,,,#8C1919,#E19B14,http://a.espncdn.com/i/teamlogos/ncaa/500/2399.png,http://a.espncdn.com/i/teamlogos/ncaa/500-dark/2399.png
2364,Minnesota State,Mavericks,MNST,,MNST,Minnesota St,,,#480059,#F7E400,http://a.espncdn.com/i/teamlogos/ncaa/500/2364.png,http://a.espncdn.com/i/teamlogos/ncaa/500-dark/2364.png
2817,Minnesota St-Moorhead,Dragon,MOO,,MOO,Minn St-Moorhead,,,#000000,,http://a.espncdn.com/i/teamlogos/ncaa/500/2817.png,http://a.espncdn.com/i/teamlogos/ncaa/500-dark/2817.png
568,Minot State,Beavers,MIN,,MIN,Minot St,,,#006242,#CF102D,http://a.espncdn.com/i/teamlogos/ncaa/500/568.png,http://a.espncdn.com/i/teamlogos/ncaa/500-dark/568.png
2969,Misericordia,Cougars,MISC,,MISC,Misericordia,,,#0168B3,#FED105,http://a.espncdn.com/i/teamlogos/ncaa/500/2969.png,http://a.espncdn.com/i/teamlogos/ncaa/500-dark/2969.png
2401,Mississippi College,Choctaws,MIS,,MIS,Miss. College,,,#003057,#F2A900,http://a.espncdn.com/i/teamlogos/ncaa/500/2401.png,http://a.espncdn.com/i/teamlogos/ncaa/500-dark/2401.png
344,Mississippi State,Bulldogs,MSST,,MSST,Miss St,SEC,West,#5D1725,#FFFFFF,http://a.espncdn.com/i/teamlogos/ncaa/500/344.png,http://a.espncdn.com/i/teamlogos/ncaa/500-dark/344.png
2400,Mississippi Valley State,Delta Devils,MVSU,,MVSU,Miss Valley St,,,#046A38,#C8102E,http://a.espncdn.com/i/teamlogos/ncaa/500/2400.png,http://a.espncdn.com/i/teamlogos/ncaa/500-dark/2400.png
142,Missouri,Tigers,MIZ,,MIZ,Missouri,SEC,East,#000000,#FDB719,http://a.espncdn.com/i/teamlogos/ncaa/500/142.png,http://a.espncdn.com/i/teamlogos/ncaa/500-dark/142.png
2880,Missouri Baptist,Spartans,MB,,MB,MO Baptist,,,#002144,#A5ACB0,http://a.espncdn.com/i/teamlogos/ncaa/500/2880.png,http://a.espncdn.com/i/teamlogos/ncaa/500-dark/2880.png
2403,Missouri Southern State,Lions,MOS,,MOS,Missouri South St,,,#000000,,http://a.espncdn.com/i/teamlogos/ncaa/500/2403.png,http://a.espncdn.com/i/teamlogos/ncaa/500-dark/2403.png
2402,Missouri S&T,Miners,S&T,,S&T,Missouri S&T,,,#154734,#CEB888,http://a.espncdn.com/i/teamlogos/ncaa/500/2402.png,http://a.espncdn.com/i/teamlogos/ncaa/500-dark/2402.png
2623,Missouri State,Bears,MOST,,MOST,Missouri State,,,#5E0009,#000000,http://a.espncdn.com/i/teamlogos/ncaa/500/2623.png,http://a.espncdn.com/i/teamlogos/ncaa/500-dark/2623.png
137,Missouri Western,Griffons,MOW,,MOW,Missouri West,,,#000000,#FFC700,http://a.espncdn.com/i/teamlogos/ncaa/500/137.png,http://a.espncdn.com/i/teamlogos/ncaa/500-dark/137.png
2405,Monmouth,Hawks,MONM,,MONM,Monmouth,,,#041E42,#A5A9AD,http://a.espncdn.com/i/teamlogos/ncaa/500/2405.png,http://a.espncdn.com/i/teamlogos/ncaa/500-dark/2405.png
2919,Monmouth (IL),Fighting Scots,MON,,MON,Monmouth (IL),,,#D3282F,#FFFFFF,http://a.espncdn.com/i/teamlogos/ncaa/500/2919.png,http://a.espncdn.com/i/teamlogos/ncaa/500-dark/2919.png
149,Montana,Grizzlies,MONT,,MONT,Montana,,,#5E001D,#6B6B6B,http://a.espncdn.com/i/teamlogos/ncaa/500/149.png,http://a.espncdn.com/i/teamlogos/ncaa/500-dark/149.png
147,Montana State,Bobcats,MTST,,MTST,Montana State,,,#00205B,#BF995B,http://a.espncdn.com/i/teamlogos/ncaa/500/147.png,http://a.espncdn.com/i/teamlogos/ncaa/500-dark/147.png
2701,Montana-Western,Bulldogs,MWST,,MWST,Montana-Western,,,#CD262D,#231F20,http://a.espncdn.com/i/teamlogos/ncaa/500/2701.png,http://a.espncdn.com/i/teamlogos/ncaa/500-dark/2701.png
2818,Montclair State,Red Hawks,MON,,MON,Montclair St,,,#D1190D,#333333,http://a.espncdn.com/i/teamlogos/ncaa/500/2818.png,http://a.espncdn.com/i/teamlogos/ncaa/500-dark/2818.png
3100,Monterrey Tech,Rams,MON,,MON,Monterrey Tech,,,#000000,,http://a.espncdn.com/i/teamlogos/ncaa/500/3100.png,http://a.espncdn.com/i/teamlogos/ncaa/500-dark/3100.png
323,Moravian,Greyhounds,MOR,,MOR,Moravian,,,#00267A,#CCCCCC,http://a.espncdn.com/i/teamlogos/ncaa/500/323.png,http://a.espncdn.com/i/teamlogos/ncaa/500-dark/323.png
2413,Morehead State,Eagles,MORE,,MORE,Morehead State,,,#005EB8,#FFCF00,http://a.espncdn.com/i/teamlogos/ncaa/500/2413.png,http://a.espncdn.com/i/teamlogos/ncaa/500-dark/2413.png
60,Morehouse,Tigers,MOR,,MOR,Morehouse,,,#000000,,http://a.espncdn.com/i/teamlogos/ncaa/500/60.png,http://a.espncdn.com/i/teamlogos/ncaa/500-dark/60.png
2415,Morgan State,Bears,MORG,,MORG,Morgan State,,,#002D74,#FF4E00,http://a.espncdn.com/i/teamlogos/ncaa/500/2415.png,http://a.espncdn.com/i/teamlogos/ncaa/500-dark/2415.png
2416,Morningside,Chiefs,MAO,,MAO,Morningside,,,#7C2629,#050608,http://a.espncdn.com/i/teamlogos/ncaa/500/2416.png,http://a.espncdn.com/i/teamlogos/ncaa/500-dark/2416.png
3110,Morrisville State,Mustangs,MOR,,MOR,Morrisville St,,,#004730,#00966C,http://a.espncdn.com/i/teamlogos/ncaa/500/3110.png,http://a.espncdn.com/i/teamlogos/ncaa/500-dark/3110.png
481,Mount Ida College,Mustangs,MOU,,MOU,Mount Ida,,,#000000,,http://a.espncdn.com/i/teamlogos/ncaa/500/481.png,http://a.espncdn.com/i/teamlogos/ncaa/500-dark/481.png
2419,Mount St. Joseph,Lions,MTS,,MTS,Mount St. Joseph,,,#003366,#FFCC00,http://a.espncdn.com/i/teamlogos/ncaa/500/2419.png,http://a.espncdn.com/i/teamlogos/ncaa/500-dark/2419.png
426,Mount Union,Raiders,MTU,,MTU,Mount Union,,,#000000,,http://a.espncdn.com/i/teamlogos/ncaa/500/426.png,http://a.espncdn.com/i/teamlogos/ncaa/500-dark/426.png
2422,Muhlenberg,Mules,MUH,,MUH,Muhlenberg,,,#A41D36,#A2AAA4,http://a.espncdn.com/i/teamlogos/ncaa/500/2422.png,http://a.espncdn.com/i/teamlogos/ncaa/500-dark/2422.png
93,Murray State,Racers,MURR,,MURR,Murray State,,,#002144,#ECAC00,http://a.espncdn.com/i/teamlogos/ncaa/500/93.png,http://a.espncdn.com/i/teamlogos/ncaa/500-dark/93.png
332,Muskingum,Muskies,MUS,,MUS,Muskingum,,,#000000,,http://a.espncdn.com/i/teamlogos/ncaa/500/332.png,http://a.espncdn.com/i/teamlogos/ncaa/500-dark/332.png
2426,Navy,Midshipmen,NAVY,,NAVY,Navy,American Athletic,West,#00225B,#B5A67C,http://a.espncdn.com/i/teamlogos/ncaa/500/2426.png,http://a.espncdn.com/i/teamlogos/ncaa/500-dark/2426.png
152,NC State,Wolfpack,NCST,North Carolina St.,NCST,NC State,ACC,Atlantic,#CC0000,#000000,http://a.espncdn.com/i/teamlogos/ncaa/500/152.png,http://a.espncdn.com/i/teamlogos/ncaa/500-dark/152.png
286,NC Wesleyan,Battling Bishops,UNCW,,UNCW,UNC Welseyan,,,#000000,,http://a.espncdn.com/i/teamlogos/ncaa/500/286.png,http://a.espncdn.com/i/teamlogos/ncaa/500-dark/286.png
158,Nebraska,Cornhuskers,NEB,,NEB,Nebraska,Big Ten,West,#D00000,#F5F1E7,http://a.espncdn.com/i/teamlogos/ncaa/500/158.png,http://a.espncdn.com/i/teamlogos/ncaa/500-dark/158.png
2438,Nebraska-Kearney,Lopers,NEB,,NEB,Nebraska-Kearney,,,#004D86,#E4A115,http://a.espncdn.com/i/teamlogos/ncaa/500/2438.png,http://a.espncdn.com/i/teamlogos/ncaa/500-dark/2438.png
2437,Nebraska-Omaha,Mavericks,UNO,,UNO,Omaha,,,#000000,#D71920,http://a.espncdn.com/i/teamlogos/ncaa/500/2437.png,http://a.espncdn.com/i/teamlogos/ncaa/500-dark/2437.png
2440,Nevada,Wolf Pack,NEV,,NEV,Nevada,Mountain West,West,#041E42,#74767B,http://a.espncdn.com/i/teamlogos/ncaa/500/2440.png,http://a.espncdn.com/i/teamlogos/ncaa/500-dark/2440.png
2444,Newberry,Wolves,NBY,,NBY,Newberry,,,#CE0E2D,#898A8D,http://a.espncdn.com/i/teamlogos/ncaa/500/2444.png,http://a.espncdn.com/i/teamlogos/ncaa/500-dark/2444.png
160,New Hampshire,Wildcats,UNH,,UNH,UNH,,,#041E42,#BBBCBC,http://a.espncdn.com/i/teamlogos/ncaa/500/160.png,http://a.espncdn.com/i/teamlogos/ncaa/500-dark/160.png
2441,New Haven,Chargers,NH,,NH,New Haven,,,#004B8D,#FFC425,http://a.espncdn.com/i/teamlogos/ncaa/500/2441.png,http://a.espncdn.com/i/teamlogos/ncaa/500-dark/2441.png
167,New Mexico,Lobos,UNM,,UNM,New Mexico,Mountain West,Mountain,#BA0C2F,#A7A8AA,http://a.espncdn.com/i/teamlogos/ncaa/500/167.png,http://a.espncdn.com/i/teamlogos/ncaa/500-dark/167.png
2424,New Mexico Highlands,Cowboys,NMH,,NMH,New Mexico Highlands,,,#502D7F,#B2B5B6,http://a.espncdn.com/i/teamlogos/ncaa/500/2424.png,http://a.espncdn.com/i/teamlogos/ncaa/500-dark/2424.png
166,New Mexico State,Aggies,NMSU,,NMSU,New Mexico St,FBS Independents,,#7E141B,#000000,http://a.espncdn.com/i/teamlogos/ncaa/500/166.png,http://a.espncdn.com/i/teamlogos/ncaa/500-dark/166.png
2447,Nicholls,Colonels,NICH,,NICH,Nicholls,,,#C41230,#B2B2B2,http://a.espncdn.com/i/teamlogos/ncaa/500/2447.png,http://a.espncdn.com/i/teamlogos/ncaa/500-dark/2447.png
2884,Nichols,Bison,NIC,,NIC,Nichols,,,#000000,#007A5F,http://a.espncdn.com/i/teamlogos/ncaa/500/2884.png,http://a.espncdn.com/i/teamlogos/ncaa/500-dark/2884.png
2450,Norfolk State,Spartans,NSU,,NSU,Norfolk State,,,#007B5E,#FAB80A,http://a.espncdn.com/i/teamlogos/ncaa/500/2450.png,http://a.espncdn.com/i/teamlogos/ncaa/500-dark/2450.png
2453,North Alabama,Lions,NOR,,NOR,North Alabama,,,#592B8A,#FFB92A,http://a.espncdn.com/i/teamlogos/ncaa/500/2453.png,http://a.espncdn.com/i/teamlogos/ncaa/500-dark/2453.png
153,North Carolina,Tar Heels,UNC,,UNC,UNC,ACC,Coastal,#7BAFD4,#13294B,http://a.espncdn.com/i/teamlogos/ncaa/500/153.png,http://a.espncdn.com/i/teamlogos/ncaa/500-dark/153.png
2448,North Carolina A&T,Aggies,NCAT,,NCAT,NC A&T,,,#004684,#FDB927,http://a.espncdn.com/i/teamlogos/ncaa/500/2448.png,http://a.espncdn.com/i/teamlogos/ncaa/500-dark/2448.png
2428,North Carolina Central,Eagles,NCCU,,NCCU,NC Central,,,#862633,#898D8D,http://a.espncdn.com/i/teamlogos/ncaa/500/2428.png,http://a.espncdn.com/i/teamlogos/ncaa/500-dark/2428.png
3071,North Central,Cardinals,NOC,,NOC,North Central,,,#AB3541,#231F20,http://a.espncdn.com/i/teamlogos/ncaa/500/3071.png,http://a.espncdn.com/i/teamlogos/ncaa/500-dark/3071.png
155,North Dakota,Fighting Hawks,UND,,UND,North Dakota,,,#009A44,#000000,http://a.espncdn.com/i/teamlogos/ncaa/500/155.png,http://a.espncdn.com/i/teamlogos/ncaa/500-dark/155.png
2449,North Dakota State,Bison,NDSU,,NDSU,North Dakota St,,,#005643,#FFC82E,http://a.espncdn.com/i/teamlogos/ncaa/500/2449.png,http://a.espncdn.com/i/teamlogos/ncaa/500-dark/2449.png
196,Northeastern State,RiverHawks,NEO,,NEO,NE St,,,#008265,#999999,http://a.espncdn.com/i/teamlogos/ncaa/500/196.png,http://a.espncdn.com/i/teamlogos/ncaa/500-dark/196.png
2464,Northern Arizona,Lumberjacks,NAU,,NAU,N Arizona,,,#002454,#FAC01A,http://a.espncdn.com/i/teamlogos/ncaa/500/2464.png,http://a.espncdn.com/i/teamlogos/ncaa/500-dark/2464.png
2458,Northern Colorado,Bears,UNCO,,UNCO,N Colorado,,,#013C65,#F6B000,http://a.espncdn.com/i/teamlogos/ncaa/500/2458.png,http://a.espncdn.com/i/teamlogos/ncaa/500-dark/2458.png
2459,Northern Illinois,Huskies,NIU,,NIU,N Illinois,Mid-American,West,#BA0C2F,#27251F,http://a.espncdn.com/i/teamlogos/ncaa/500/2459.png,http://a.espncdn.com/i/teamlogos/ncaa/500-dark/2459.png
2460,Northern Iowa,Panthers,UNI,,UNI,Northern Iowa,,,#500778,#FFB500,http://a.espncdn.com/i/teamlogos/ncaa/500/2460.png,http://a.espncdn.com/i/teamlogos/ncaa/500-dark/2460.png
128,Northern Michigan,Wildcats,NOR,,NOR,N Michigan,,,#095339,#FFC425,http://a.espncdn.com/i/teamlogos/ncaa/500/128.png,http://a.espncdn.com/i/teamlogos/ncaa/500-dark/128.png
425,Northern State,Wolves,NOR,,NOR,Northern St,,,#990033,#FFCC66,http://a.espncdn.com/i/teamlogos/ncaa/500/425.png,http://a.espncdn.com/i/teamlogos/ncaa/500-dark/425.png
2822,North Greenville,Crusaders,NGR,,NGR,N Greenville,,,#000000,#D60036,http://a.espncdn.com/i/teamlogos/ncaa/500/2822.png,http://a.espncdn.com/i/teamlogos/ncaa/500-dark/2822.png
75,North Park,Vikings,NOR,,NOR,North Park,,,#0057A8,#FCCE0D,http://a.espncdn.com/i/teamlogos/ncaa/500/75.png,http://a.espncdn.com/i/teamlogos/ncaa/500-dark/75.png
249,North Texas,Mean Green,UNT,,UNT,North Texas,Conference USA,West,#00853E,#000000,http://a.espncdn.com/i/teamlogos/ncaa/500/249.png,http://a.espncdn.com/i/teamlogos/ncaa/500-dark/249.png
77,Northwestern,Wildcats,NW,,NW,Northwestern,Big Ten,West,#4E2A84,#000000,http://a.espncdn.com/i/teamlogos/ncaa/500/77.png,http://a.espncdn.com/i/teamlogos/ncaa/500-dark/77.png
583,Northwestern (MN),Eagles,NWM,,NWM,NW (MN),,,#3D1A54,#E0AD12,http://a.espncdn.com/i/teamlogos/ncaa/500/583.png,http://a.espncdn.com/i/teamlogos/ncaa/500-dark/583.png
2823,Northwestern Oklahoma State,Rangers,NWO,,NWO,NW Oklahoma St,,,#000000,#CC092F,http://a.espncdn.com/i/teamlogos/ncaa/500/2823.png,http://a.espncdn.com/i/teamlogos/ncaa/500-dark/2823.png
2466,Northwestern State,Demons,NWST,,NWST,Northwestern St,,,#492F92,#F78426,http://a.espncdn.com/i/teamlogos/ncaa/500/2466.png,http://a.espncdn.com/i/teamlogos/ncaa/500-dark/2466.png
138,Northwest Missouri State,Bearcats,NWMS,,NWMS,NW Missouri St,,,#006A4E,#BABBBC,http://a.espncdn.com/i/teamlogos/ncaa/500/138.png,http://a.espncdn.com/i/teamlogos/ncaa/500-dark/138.png
2886,Northwood (MI),Timberwolves,NAR,,NAR,Northwood,,,#093161,#0080C3,http://a.espncdn.com/i/teamlogos/ncaa/500/2886.png,http://a.espncdn.com/i/teamlogos/ncaa/500-dark/2886.png
2467,Norwich,Cadets,NOR,,NOR,Norwich,,,#87212E,#907C4B,http://a.espncdn.com/i/teamlogos/ncaa/500/2467.png,http://a.espncdn.com/i/teamlogos/ncaa/500-dark/2467.png
87,Notre Dame,Fighting Irish,ND,,ND,Notre Dame,FBS Independents,,#0C2340,#C99700,http://a.espncdn.com/i/teamlogos/ncaa/500/87.png,http://a.espncdn.com/i/teamlogos/ncaa/500-dark/87.png
587,Notre Dame College,Blue Falcons,NOT,,NOT,Notre Dame College,,,#0068B3,#FFC424,http://a.espncdn.com/i/teamlogos/ncaa/500/587.png,http://a.espncdn.com/i/teamlogos/ncaa/500-dark/587.png
391,Oberlin,Yeomen,OBE,,OBE,Oberlin,,,#CF102D,#FFC72C,http://a.espncdn.com/i/teamlogos/ncaa/500/391.png,http://a.espncdn.com/i/teamlogos/ncaa/500-dark/391.png
2475,Occidental,Tigers,OCC,,OCC,Occidental,,,#000000,#FF671F,http://a.espncdn.com/i/teamlogos/ncaa/500/2475.png,http://a.espncdn.com/i/teamlogos/ncaa/500-dark/2475.png
195,Ohio,Bobcats,OHIO,,OHIO,Ohio,Mid-American,East,#154734,#FFFFFF,http://a.espncdn.com/i/teamlogos/ncaa/500/195.png,http://a.espncdn.com/i/teamlogos/ncaa/500-dark/195.png
2477,Ohio Dominican,Panthers,,,,Panthers,,,#000000,#FFC72C,,
108398,Ohio Midwestern College,Rams,OMW,,OMW,Ohio Midwestern,,,,,,
427,Ohio Northern,Polar Bears,ON,,ON,Ohio Northern,,,#FF6600,#000000,http://a.espncdn.com/i/teamlogos/ncaa/500/427.png,http://a.espncdn.com/i/teamlogos/ncaa/500-dark/427.png
194,Ohio State,Buckeyes,OSU,,OSU,OSU,Big Ten,East,#BA0C2F,#A7B1B7,http://a.espncdn.com/i/teamlogos/ncaa/500/194.png,http://a.espncdn.com/i/teamlogos/ncaa/500-dark/194.png
3161,Ohio State Newark,Titans,OSU,,OSU,Ohio St Newark,,,#000000,,http://a.espncdn.com/i/teamlogos/ncaa/500/3161.png,http://a.espncdn.com/i/teamlogos/ncaa/500-dark/3161.png
2980,Ohio Wesleyan,Battling Bishops,OHI,,OHI,Ohio Wesleyan,,,#C51230,#010100,http://a.espncdn.com/i/teamlogos/ncaa/500/2980.png,http://a.espncdn.com/i/teamlogos/ncaa/500-dark/2980.png
201,Oklahoma,Sooners,OKLA,,OKLA,Oklahoma,Big 12,,#841617,#DDCBA4,http://a.espncdn.com/i/teamlogos/ncaa/500/201.png,http://a.espncdn.com/i/teamlogos/ncaa/500-dark/201.png
319,Oklahoma Baptist,Bison,OB,,OB,Oklahoma Bapt,,,#007934,#F3CF45,http://a.espncdn.com/i/teamlogos/ncaa/500/319.png,http://a.espncdn.com/i/teamlogos/ncaa/500-dark/319.png
197,Oklahoma State,Cowboys,OKST,,OKST,Oklahoma State,Big 12,,#FE5C00,#000000,http://a.espncdn.com/i/teamlogos/ncaa/500/197.png,http://a.espncdn.com/i/teamlogos/ncaa/500-dark/197.png
2824,OK Panhandle St,Aggies,OKP,,OKP,OK Panhandle St,,,#000000,,http://a.espncdn.com/i/teamlogos/ncaa/500/2824.png,http://a.espncdn.com/i/teamlogos/ncaa/500-dark/2824.png
295,Old Dominion,Monarchs,ODU,,ODU,Old Dominion,Conference USA,East,#003767,#95999C,http://a.espncdn.com/i/teamlogos/ncaa/500/295.png,http://a.espncdn.com/i/teamlogos/ncaa/500-dark/295.png
145,Ole Miss,Rebels,MISS,,MISS,Ole Miss,SEC,West,#14213D,#CE1126,http://a.espncdn.com/i/teamlogos/ncaa/500/145.png,http://a.espncdn.com/i/teamlogos/ncaa/500-dark/145.png
354,Olivet College,Comets,OLI,,OLI,Olivet College,,,#BD0034,#FFFFFF,http://a.espncdn.com/i/teamlogos/ncaa/500/354.png,http://a.espncdn.com/i/teamlogos/ncaa/500-dark/354.png
2483,Oregon,Ducks,ORE,,ORE,Oregon,Pac-12,North,#007030,#FEE11A,http://a.espncdn.com/i/teamlogos/ncaa/500/2483.png,http://a.espncdn.com/i/teamlogos/ncaa/500-dark/2483.png
204,Oregon State,Beavers,ORST,,ORST,Oregon State,Pac-12,North,#D73F09,#000000,http://a.espncdn.com/i/teamlogos/ncaa/500/204.png,http://a.espncdn.com/i/teamlogos/ncaa/500-dark/204.png
359,Otterbein,Cardinals,OTT,,OTT,Otterbein,,,#E21B23,#CA9E5A,http://a.espncdn.com/i/teamlogos/ncaa/500/359.png,http://a.espncdn.com/i/teamlogos/ncaa/500-dark/359.png
2888,Ouachita Baptist,Tigers,OUA,,OUA,Ouachita Baptist,,,#552988,#FFC627,http://a.espncdn.com/i/teamlogos/ncaa/500/2888.png,http://a.espncdn.com/i/teamlogos/ncaa/500-dark/2888.png
2487,Pace,Setters,PAC,,PAC,Pace,,,#00337F,#FFC61E,http://a.espncdn.com/i/teamlogos/ncaa/500/2487.png,http://a.espncdn.com/i/teamlogos/ncaa/500-dark/2487.png
2486,Pacific Lutheran,Lutes,PAC,,PAC,Pacific Lutheran,,,#000000,#FBBA37,http://a.espncdn.com/i/teamlogos/ncaa/500/2486.png,http://a.espncdn.com/i/teamlogos/ncaa/500-dark/2486.png
205,Pacific (OR),Boxers,PAC,,PAC,Pacific (OR),,,#B51217,#000000,http://a.espncdn.com/i/teamlogos/ncaa/500/205.png,http://a.espncdn.com/i/teamlogos/ncaa/500-dark/205.png
213,Penn State,Nittany Lions,PSU,,PSU,Penn State,Big Ten,East,#001E44,#FFFFFF,http://a.espncdn.com/i/teamlogos/ncaa/500/213.png,http://a.espncdn.com/i/teamlogos/ncaa/500-dark/213.png
219,Pennsylvania,Quakers,PENN,,PENN,Penn,,,#011F5B,#990000,http://a.espncdn.com/i/teamlogos/ncaa/500/219.png,http://a.espncdn.com/i/teamlogos/ncaa/500-dark/219.png
95,Pikeville,Bears,PIK,,PIK,Pikeville,,,#FF4713,#000000,http://a.espncdn.com/i/teamlogos/ncaa/500/95.png,http://a.espncdn.com/i/teamlogos/ncaa/500-dark/95.png
221,Pittsburgh,Panthers,PITT,Pitt,PITT,Pitt,ACC,Coastal,#003594,#FFB81C,http://a.espncdn.com/i/teamlogos/ncaa/500/221.png,http://a.espncdn.com/i/teamlogos/ncaa/500-dark/221.png
90,Pittsburg State,Gorillas,PIT,,PIT,Pittsburg St,,,#CC0C2F,#FCD116,http://a.espncdn.com/i/teamlogos/ncaa/500/90.png,http://a.espncdn.com/i/teamlogos/ncaa/500-dark/90.png
2972,Plymouth State,Panthers,PLY,,PLY,Plymouth St,,,#135841,#000000,http://a.espncdn.com/i/teamlogos/ncaa/500/2972.png,http://a.espncdn.com/i/teamlogos/ncaa/500-dark/2972.png
3179,Point University,Point,POINT,,POINT,Point University,,,,,http://a.espncdn.com/i/teamlogos/ncaa/500/3179.png,http://a.espncdn.com/i/teamlogos/ncaa/500-dark/3179.png
2923,Pomona-Pitzer,Sagehens,POM,,POM,Pomona-Pitzer,,,#20438F,#F7941D,http://a.espncdn.com/i/teamlogos/ncaa/500/2923.png,http://a.espncdn.com/i/teamlogos/ncaa/500-dark/2923.png
2502,Portland State,Vikings,PRST,,PRST,Portland State,,,#154734,#A5ACAF,http://a.espncdn.com/i/teamlogos/ncaa/500/2502.png,http://a.espncdn.com/i/teamlogos/ncaa/500-dark/2502.png
2504,Prairie View,Panthers,PVAM,,PVAM,PV A&M,,,#4F2582,#FEC325,http://a.espncdn.com/i/teamlogos/ncaa/500/2504.png,http://a.espncdn.com/i/teamlogos/ncaa/500-dark/2504.png
2506,Presbyterian College,Blue Hose,PRE,,PRE,Presbyterian,,,#0060A9,#9D2235,http://a.espncdn.com/i/teamlogos/ncaa/500/2506.png,http://a.espncdn.com/i/teamlogos/ncaa/500-dark/2506.png
597,Presentation College,Saints,PRE,,PRE,Presentation,,,#000000,,http://a.espncdn.com/i/teamlogos/ncaa/500/597.png,http://a.espncdn.com/i/teamlogos/ncaa/500-dark/597.png
163,Princeton,Tigers,PRIN,,PRIN,Princeton,,,#000000,#FF6000,http://a.espncdn.com/i/teamlogos/ncaa/500/163.png,http://a.espncdn.com/i/teamlogos/ncaa/500-dark/163.png
363,Principia College,Panthers,PRI,,PRI,Principia,,,#B5985A,#102B52,http://a.espncdn.com/i/teamlogos/ncaa/500/363.png,http://a.espncdn.com/i/teamlogos/ncaa/500-dark/363.png
2508,Puget Sound,Loggers,PUG,,PUG,Puget Sound,,,#660000,#FFFFFF,http://a.espncdn.com/i/teamlogos/ncaa/500/2508.png,http://a.espncdn.com/i/teamlogos/ncaa/500-dark/2508.png
2509,Purdue,Boilermakers,PUR,,PUR,Purdue,Big Ten,West,#000000,#CFB991,http://a.espncdn.com/i/teamlogos/ncaa/500/2509.png,http://a.espncdn.com/i/teamlogos/ncaa/500-dark/2509.png
2825,Quincy,Hawks,QUI,,QUI,Quincy,,,#581E00,#FFD457,http://a.espncdn.com/i/teamlogos/ncaa/500/2825.png,http://a.espncdn.com/i/teamlogos/ncaa/500-dark/2825.png
2516,Randolph-Macon,Yellow Jackets,RAN,,RAN,Randolph-Macon,,,#000000,#F9DC30,http://a.espncdn.com/i/teamlogos/ncaa/500/2516.png,http://a.espncdn.com/i/teamlogos/ncaa/500-dark/2516.png
29,Redlands,Bulldogs,RED,,RED,Redlands,,,#7A2426,#666666,http://a.espncdn.com/i/teamlogos/ncaa/500/29.png,http://a.espncdn.com/i/teamlogos/ncaa/500-dark/29.png
2890,Reinhardt,Eagles,REIN,,REIN,Reinhardt,,,#003468,#F0B310,http://a.espncdn.com/i/teamlogos/ncaa/500/2890.png,http://a.espncdn.com/i/teamlogos/ncaa/500-dark/2890.png
2528,Rensselaer,Engineers,REN,,REN,Rensselaer,,,#E2231B,#222222,http://a.espncdn.com/i/teamlogos/ncaa/500/2528.png,http://a.espncdn.com/i/teamlogos/ncaa/500-dark/2528.png
227,Rhode Island,Rams,URI,,URI,URI,,,#68ABE8,#041E42,http://a.espncdn.com/i/teamlogos/ncaa/500/227.png,http://a.espncdn.com/i/teamlogos/ncaa/500-dark/227.png
2519,Rhodes,Lynx,RHO,,RHO,Rhodes,,,#C4022B,#000000,http://a.espncdn.com/i/teamlogos/ncaa/500/2519.png,http://a.espncdn.com/i/teamlogos/ncaa/500-dark/2519.png
242,Rice,Owls,RICE,,RICE,Rice,Conference USA,West,#00205B,#C1C6C8,http://a.espncdn.com/i/teamlogos/ncaa/500/242.png,http://a.espncdn.com/i/teamlogos/ncaa/500-dark/242.png
257,Richmond,Spiders,RICH,,RICH,Richmond,,,#000066,#990000,http://a.espncdn.com/i/teamlogos/ncaa/500/257.png,http://a.espncdn.com/i/teamlogos/ncaa/500-dark/257.png
2891,Ripon,Redhawks,RIPON,,RIPON,Ripon,,,#000000,,http://a.espncdn.com/i/teamlogos/ncaa/500/2891.png,http://a.espncdn.com/i/teamlogos/ncaa/500-dark/2891.png
2523,Robert Morris,Colonials,RMU,,RMU,Robert Morris,,,#001E41,#AA182C,http://a.espncdn.com/i/teamlogos/ncaa/500/2523.png,http://a.espncdn.com/i/teamlogos/ncaa/500-dark/2523.png
599,Robert Morris (IL),Eagles,RMU,,RMU,Robert Morris (IL),,,#000000,,http://a.espncdn.com/i/teamlogos/ncaa/500/599.png,http://a.espncdn.com/i/teamlogos/ncaa/500-dark/599.png
184,Rochester,Yellow Jackets,ROC,,ROC,Rochester,,,#000000,,http://a.espncdn.com/i/teamlogos/ncaa/500/184.png,http://a.espncdn.com/i/teamlogos/ncaa/500-dark/184.png
2524,Rockford,Regents,ROC,,ROC,Rockford,,,#522E91,#FFCE51,http://a.espncdn.com/i/teamlogos/ncaa/500/2524.png,http://a.espncdn.com/i/teamlogos/ncaa/500-dark/2524.png
86,Rose-Hulman,Engineers,ROS,,ROS,Rose-Hulman,,,#000000,,http://a.espncdn.com/i/teamlogos/ncaa/500/86.png,http://a.espncdn.com/i/teamlogos/ncaa/500-dark/86.png
2827,Rowan,Professors,ROWAN,,ROWAN,Rowan,,,#000000,,http://a.espncdn.com/i/teamlogos/ncaa/500/2827.png,http://a.espncdn.com/i/teamlogos/ncaa/500-dark/2827.png
164,Rutgers,Scarlet Knights,RUTG,,RUTG,Rutgers,Big Ten,East,#CC0033,#000000,http://a.espncdn.com/i/teamlogos/ncaa/500/164.png,http://a.espncdn.com/i/teamlogos/ncaa/500-dark/164.png
16,Sacramento State,Hornets,SAC,,SAC,Sacramento St,,,#043927,#C4B581,http://a.espncdn.com/i/teamlogos/ncaa/500/16.png,http://a.espncdn.com/i/teamlogos/ncaa/500-dark/16.png
2529,Sacred Heart,Pioneers,SHU,,SHU,Sacred Heart,,,#CD1041,#3C3C3C,http://a.espncdn.com/i/teamlogos/ncaa/500/2529.png,http://a.espncdn.com/i/teamlogos/ncaa/500-dark/2529.png
129,Saginaw Valley,Cardinals,SAG,,SAG,Saginaw Valley,,,#000000,,http://a.espncdn.com/i/teamlogos/ncaa/500/129.png,http://a.espncdn.com/i/teamlogos/ncaa/500-dark/129.png
2532,Salisbury,Sea Gulls,SAL,,SAL,Salisbury,,,#8A0000,#FFC420,http://a.espncdn.com/i/teamlogos/ncaa/500/2532.png,http://a.espncdn.com/i/teamlogos/ncaa/500-dark/2532.png
2776,Salve Regina,Seahawks,SAL,,SAL,Salve Regina,,,#00447C,#005D55,http://a.espncdn.com/i/teamlogos/ncaa/500/2776.png,http://a.espncdn.com/i/teamlogos/ncaa/500-dark/2776.png
2535,Samford,Bulldogs,SAM,,SAM,Samford,,,#0C2340,#BA0C2F,http://a.espncdn.com/i/teamlogos/ncaa/500/2535.png,http://a.espncdn.com/i/teamlogos/ncaa/500-dark/2535.png
2534,Sam Houston State,Bearkats,SHSU,,SHSU,Sam Houston,,,#F56423,#000000,http://a.espncdn.com/i/teamlogos/ncaa/500/2534.png,http://a.espncdn.com/i/teamlogos/ncaa/500-dark/2534.png
301,San Diego,Toreros,USD,,USD,San Diego,,,#003B70,#75BEE9,http://a.espncdn.com/i/teamlogos/ncaa/500/301.png,http://a.espncdn.com/i/teamlogos/ncaa/500-dark/301.png
21,San Diego State,Aztecs,SDSU,,SDSU,San Diego State,Mountain West,West,#C41230,#000000,http://a.espncdn.com/i/teamlogos/ncaa/500/21.png,http://a.espncdn.com/i/teamlogos/ncaa/500-dark/21.png
23,San Jos� State,Spartans,SJSU,San Jose St.,SJSU,San Jose State,Mountain West,West,#005893,#fdba31,http://a.espncdn.com/i/teamlogos/ncaa/500/23.png,http://a.espncdn.com/i/teamlogos/ncaa/500-dark/23.png
2542,Savannah State,Tigers,SAV,,SAV,Savannah State,,,#002294,#F24D17,http://a.espncdn.com/i/teamlogos/ncaa/500/2542.png,http://a.espncdn.com/i/teamlogos/ncaa/500-dark/2542.png
611,Seton Hill College,Griffins,SET,,SET,Seton Hill,,,#BF0033,#FCD06B,http://a.espncdn.com/i/teamlogos/ncaa/500/611.png,http://a.espncdn.com/i/teamlogos/ncaa/500-dark/611.png
2553,Sewanee Univ. of the South,Tigers,SEW,Sewanee,SEW,Sewanee University,,,#000000,,http://a.espncdn.com/i/teamlogos/ncaa/500/2553.png,http://a.espncdn.com/i/teamlogos/ncaa/500-dark/2553.png
2551,Shaw,Bears,SHA,,SHA,Shaw,,,#671333,#F5B544,http://a.espncdn.com/i/teamlogos/ncaa/500/2551.png,http://a.espncdn.com/i/teamlogos/ncaa/500-dark/2551.png
2828,Shenandoah,Hornets,SHE,,SHE,Shenandoah,,,#98012D,#002C62,http://a.espncdn.com/i/teamlogos/ncaa/500/2828.png,http://a.espncdn.com/i/teamlogos/ncaa/500-dark/2828.png
2974,Shepherd,Rams,SHE,,SHE,Shepherd,,,#041E42,#C0B661,http://a.espncdn.com/i/teamlogos/ncaa/500/2974.png,http://a.espncdn.com/i/teamlogos/ncaa/500-dark/2974.png
3181,Shepherd Tech,Eagles,STC,,STC,Shepherd Tech,,,#000000,,http://a.espncdn.com/i/teamlogos/ncaa/500/3181.png,http://a.espncdn.com/i/teamlogos/ncaa/500-dark/3181.png
2559,Shippensburg,Raiders,SHI,,SHI,Shippensburg,,,#001541,#EE373D,http://a.espncdn.com/i/teamlogos/ncaa/500/2559.png,http://a.espncdn.com/i/teamlogos/ncaa/500-dark/2559.png
2562,Siena Heights,Saints,SH,,SH,Siena Heights,,,#004B85,#FFD51E,http://a.espncdn.com/i/teamlogos/ncaa/500/2562.png,http://a.espncdn.com/i/teamlogos/ncaa/500-dark/2562.png
2829,Simon Fraser,Clansmen,SIM,,SIM,Simon Fraser,,,#000000,,http://a.espncdn.com/i/teamlogos/ncaa/500/2829.png,http://a.espncdn.com/i/teamlogos/ncaa/500-dark/2829.png
2564,Simpson College,Storm,SIM,Simpson,SIM,Simpson,,,#931A29,#EFB402,http://a.espncdn.com/i/teamlogos/ncaa/500/2564.png,http://a.espncdn.com/i/teamlogos/ncaa/500-dark/2564.png
215,Slippery Rock,The Rock,SRU,,SRU,Slippery Rock,,,#006951,#000000,http://a.espncdn.com/i/teamlogos/ncaa/500/215.png,http://a.espncdn.com/i/teamlogos/ncaa/500-dark/215.png
2567,SMU,Mustangs,SMU,Southern Methodist,SMU,SMU,American Athletic,West,#CC0035,#354CA1,http://a.espncdn.com/i/teamlogos/ncaa/500/2567.png,http://a.espncdn.com/i/teamlogos/ncaa/500-dark/2567.png
6,South Alabama,Jaguars,USA,,USA,South Alabama,Sun Belt,,#00205B,#BF0D3E,http://a.espncdn.com/i/teamlogos/ncaa/500/6.png,http://a.espncdn.com/i/teamlogos/ncaa/500-dark/6.png
2579,South Carolina,Gamecocks,SC,,SC,South Carolina,SEC,East,#73000A,#000000,http://a.espncdn.com/i/teamlogos/ncaa/500/2579.png,http://a.espncdn.com/i/teamlogos/ncaa/500-dark/2579.png
2569,South Carolina State,Bulldogs,SCST,,SCST,S Carolina St,,,#900028,#084897,http://a.espncdn.com/i/teamlogos/ncaa/500/2569.png,http://a.espncdn.com/i/teamlogos/ncaa/500-dark/2569.png
233,South Dakota,Coyotes,SDAK,,SDAK,South Dakota,,,#AD0000,#000000,http://a.espncdn.com/i/teamlogos/ncaa/500/233.png,http://a.espncdn.com/i/teamlogos/ncaa/500-dark/233.png
613,South Dakota Mines,Hardrockers,SDA,,SDA,SD Mines,,,#071D49,#B3A369,http://a.espncdn.com/i/teamlogos/ncaa/500/613.png,http://a.espncdn.com/i/teamlogos/ncaa/500-dark/613.png
2571,South Dakota State,Jackrabbits,SDSU,,SDSU,South Dakota St,,,#0032A0,#FFD100,http://a.espncdn.com/i/teamlogos/ncaa/500/2571.png,http://a.espncdn.com/i/teamlogos/ncaa/500-dark/2571.png
2545,Southeastern Louisiana,Lions,SELA,,SELA,SE Louisiana,,,#215732,#FFC72C,http://a.espncdn.com/i/teamlogos/ncaa/500/2545.png,http://a.espncdn.com/i/teamlogos/ncaa/500-dark/2545.png
199,Southeastern Oklahoma,Savage Storm,SEOS,,SEOS,SEOkla St,,,#000000,,http://a.espncdn.com/i/teamlogos/ncaa/500/199.png,http://a.espncdn.com/i/teamlogos/ncaa/500-dark/199.png
267,Southeastern University,Fire,SEFL,,SEFL,Southeastern,,,#000000,,http://a.espncdn.com/i/teamlogos/ncaa/500/267.png,http://a.espncdn.com/i/teamlogos/ncaa/500-dark/267.png
2546,Southeast Missouri State,Redhawks,SEMO,,SEMO,SE Missouri St,,,#CE1126,#000000,http://a.espncdn.com/i/teamlogos/ncaa/500/2546.png,http://a.espncdn.com/i/teamlogos/ncaa/500-dark/2546.png
2582,Southern,Jaguars,SOU,,SOU,Southern,,,#05356E,#FFC72C,http://a.espncdn.com/i/teamlogos/ncaa/500/2582.png,http://a.espncdn.com/i/teamlogos/ncaa/500-dark/2582.png
2568,Southern Arkansas,Muleriders,SOU,,SOU,S Arkansas,,,#003DA5,#FFD100,http://a.espncdn.com/i/teamlogos/ncaa/500/2568.png,http://a.espncdn.com/i/teamlogos/ncaa/500-dark/2568.png
2583,Southern Connecticut State,Owls,SOU,,SOU,S Conn St,,,#000000,,http://a.espncdn.com/i/teamlogos/ncaa/500/2583.png,http://a.espncdn.com/i/teamlogos/ncaa/500-dark/2583.png
79,Southern Illinois,Salukis,SIU,,SIU,S Illinois,,,#72253D,#7C868D,http://a.espncdn.com/i/teamlogos/ncaa/500/79.png,http://a.espncdn.com/i/teamlogos/ncaa/500-dark/79.png
2572,Southern Mississippi,Golden Eagles,USM,,USM,Southern Miss,Conference USA,West,#FFAA3C,#ffc423,http://a.espncdn.com/i/teamlogos/ncaa/500/2572.png,http://a.espncdn.com/i/teamlogos/ncaa/500-dark/2572.png
200,Southern Nazarene,Crimson Storm,STN,,STN,S Nazarene,,,#891717,#000000,http://a.espncdn.com/i/teamlogos/ncaa/500/200.png,http://a.espncdn.com/i/teamlogos/ncaa/500-dark/200.png
2584,Southern Oregon,Raiders,SOU,,SOU,So Oregon,,,#C8102E,#000000,http://a.espncdn.com/i/teamlogos/ncaa/500/2584.png,http://a.espncdn.com/i/teamlogos/ncaa/500-dark/2584.png
253,Southern Utah,Thunderbirds,SUU,,SUU,Southern Utah,,,#E91D2D,#000000,http://a.espncdn.com/i/teamlogos/ncaa/500/253.png,http://a.espncdn.com/i/teamlogos/ncaa/500-dark/253.png
2896,Southern Virginia,Knights,SVA,,SVA,S Virginia,,,#9E1B32,#A0A1A2,http://a.espncdn.com/i/teamlogos/ncaa/500/2896.png,http://a.espncdn.com/i/teamlogos/ncaa/500-dark/2896.png
58,South Florida,Bulls,USF,,USF,USF,American Athletic,East,#006747,#CFC493,http://a.espncdn.com/i/teamlogos/ncaa/500/58.png,http://a.espncdn.com/i/teamlogos/ncaa/500-dark/58.png
2586,Southwest Baptist,Bearcats,SWB,,SWB,SW Baptist,,,#4A217E,#C2C6C7,http://a.espncdn.com/i/teamlogos/ncaa/500/2586.png,http://a.espncdn.com/i/teamlogos/ncaa/500-dark/2586.png
2904,Southwestern Assemblies of God,Lions,SWA,,SWA,SW Assemblies of God,,,#592C82,#F9A51B,http://a.espncdn.com/i/teamlogos/ncaa/500/2904.png,http://a.espncdn.com/i/teamlogos/ncaa/500-dark/2904.png
616,Southwestern College,Moundbuilders,SWC,,SWC,SW,,,#8031A7,#000000,http://a.espncdn.com/i/teamlogos/ncaa/500/616.png,http://a.espncdn.com/i/teamlogos/ncaa/500-dark/616.png
2927,Southwestern Oklahoma,Bulldogs,SWO,,SWO,SW Oklahoma,,,#000000,,http://a.espncdn.com/i/teamlogos/ncaa/500/2927.png,http://a.espncdn.com/i/teamlogos/ncaa/500-dark/2927.png
2587,Southwest Minnesota State,Mustangs,SWM,,SWM,SW Minnesota St,,,#3A1807,#BCAA71,http://a.espncdn.com/i/teamlogos/ncaa/500/2587.png,http://a.espncdn.com/i/teamlogos/ncaa/500-dark/2587.png
81,Springfield,Pride,SPR,,SPR,Springfield,,,#862633,#FFFFFF,http://a.espncdn.com/i/teamlogos/ncaa/500/81.png,http://a.espncdn.com/i/teamlogos/ncaa/500-dark/81.png
2591,St. Ambrose,Fighting Bees,STA,,STA,St. Ambrose,,,#1E3D7D,#FFFFFF,http://a.espncdn.com/i/teamlogos/ncaa/500/2591.png,http://a.espncdn.com/i/teamlogos/ncaa/500-dark/2591.png
24,Stanford,Cardinal,STAN,,STAN,Stanford,Pac-12,North,#8C1515,#FFFFFF,http://a.espncdn.com/i/teamlogos/ncaa/500/24.png,http://a.espncdn.com/i/teamlogos/ncaa/500-dark/24.png
2830,St. Anselm,Hawks,STA,,STA,St. Anselm,,,#000000,,http://a.espncdn.com/i/teamlogos/ncaa/500/2830.png,http://a.espncdn.com/i/teamlogos/ncaa/500-dark/2830.png
395,St. Augustine's,Falcons,STA,,STA,St. Augustine's,,,#003767,#A1A1A4,http://a.espncdn.com/i/teamlogos/ncaa/500/395.png,http://a.espncdn.com/i/teamlogos/ncaa/500-dark/395.png
2594,St. Cloud State,Huskies,STC,,STC,St. Cloud St,,,#A10209,#000000,http://a.espncdn.com/i/teamlogos/ncaa/500/2594.png,http://a.espncdn.com/i/teamlogos/ncaa/500-dark/2594.png
2617,Stephen F. Austin,Lumberjacks,SFA,Stephen F Austin,SFA,SF Austin,,,#5F259F,#B1B3B3,http://a.espncdn.com/i/teamlogos/ncaa/500/2617.png,http://a.espncdn.com/i/teamlogos/ncaa/500-dark/2617.png
618,Sterling College,Warriors,STC,,STC,Sterling,,,#00275D,#A9233E,http://a.espncdn.com/i/teamlogos/ncaa/500/618.png,http://a.espncdn.com/i/teamlogos/ncaa/500-dark/618.png
56,Stetson,Hatters,STET,,STET,Stetson,,,#006747,#000000,http://a.espncdn.com/i/teamlogos/ncaa/500/56.png,http://a.espncdn.com/i/teamlogos/ncaa/500-dark/56.png
471,Stevenson,Mustangs,STU,,STU,Stevenson,,,#004E42,#000000,http://a.espncdn.com/i/teamlogos/ncaa/500/471.png,http://a.espncdn.com/i/teamlogos/ncaa/500-dark/471.png
2595,St. Francis (IL),Fighting Saints,SFIL,,SFIL,St Francis (IL),,,#503412,#FFD400,http://a.espncdn.com/i/teamlogos/ncaa/500/2595.png,http://a.espncdn.com/i/teamlogos/ncaa/500-dark/2595.png
2831,St. Francis (IN),Cougars,SBP,,SBP,St. Francis (IN),,,#084CA4,#000000,http://a.espncdn.com/i/teamlogos/ncaa/500/2831.png,http://a.espncdn.com/i/teamlogos/ncaa/500-dark/2831.png
2598,St Francis (PA),Red Flash,SFU,Saint Francis (PA),SFU,St Francis (PA),,,#a20012,,http://a.espncdn.com/i/teamlogos/ncaa/500/2598.png,http://a.espncdn.com/i/teamlogos/ncaa/500-dark/2598.png
374,St. John Fisher,Cardinals,STJ,,STJ,St. John Fisher,,,#993333,#FFCC33,http://a.espncdn.com/i/teamlogos/ncaa/500/374.png,http://a.espncdn.com/i/teamlogos/ncaa/500-dark/374.png
2600,St. Johns (MN),Johnnies,STJ,,STJ,St. Johns (MN),,,#000000,,http://a.espncdn.com/i/teamlogos/ncaa/500/2600.png,http://a.espncdn.com/i/teamlogos/ncaa/500-dark/2600.png
2779,St Lawrence,Saints,STL,,STL,St Lawrence,,,#000000,,http://a.espncdn.com/i/teamlogos/ncaa/500/2779.png,http://a.espncdn.com/i/teamlogos/ncaa/500-dark/2779.png
2832,St. Norbert,Green Knights,STN,,STN,St. Norbert,,,#1A472B,#EDBD3D,http://a.espncdn.com/i/teamlogos/ncaa/500/2832.png,http://a.espncdn.com/i/teamlogos/ncaa/500-dark/2832.png
133,St. Olaf College,Oles,STO,,STO,St. Olaf,,,#000000,#C7940D,http://a.espncdn.com/i/teamlogos/ncaa/500/133.png,http://a.espncdn.com/i/teamlogos/ncaa/500-dark/133.png
284,Stonehill,Chieftains,SBI,,SBI,Stonehill,,,#000000,,http://a.espncdn.com/i/teamlogos/ncaa/500/284.png,http://a.espncdn.com/i/teamlogos/ncaa/500-dark/284.png
2619,Stony Brook,Seawolves,STON,,STON,Stony Brook,,,#990000,#16243E,http://a.espncdn.com/i/teamlogos/ncaa/500/2619.png,http://a.espncdn.com/i/teamlogos/ncaa/500-dark/2619.png
2611,St. Paul's College,Tigers,STP,,STP,St. Paul's,,,#000000,,http://a.espncdn.com/i/teamlogos/ncaa/500/2611.png,http://a.espncdn.com/i/teamlogos/ncaa/500-dark/2611.png
2612,St. Peter's,Peacocks,SPU,,SPU,St. Peter's,,,#001555,,http://a.espncdn.com/i/teamlogos/ncaa/500/2612.png,http://a.espncdn.com/i/teamlogos/ncaa/500-dark/2612.png
375,St. Scholastica,College of St. Scholastica,SS,,SS,St. Scholastica,,,#000000,,http://a.espncdn.com/i/teamlogos/ncaa/500/375.png,http://a.espncdn.com/i/teamlogos/ncaa/500-dark/375.png
2900,St. Thomas (MN),Tommies,STMN,,STMN,St. Thomas (MN),,,#500878,#97999B,http://a.espncdn.com/i/teamlogos/ncaa/500/2900.png,http://a.espncdn.com/i/teamlogos/ncaa/500-dark/2900.png
2614,St. Vincent,Bearcats,STV,,STV,St. Vincent,,,#000000,,http://a.espncdn.com/i/teamlogos/ncaa/500/2614.png,http://a.espncdn.com/i/teamlogos/ncaa/500-dark/2614.png
2615,St. Xavier (IL),Cougars,STX,,STX,St. Xavier (IL),,,#000000,,http://a.espncdn.com/i/teamlogos/ncaa/500/2615.png,http://a.espncdn.com/i/teamlogos/ncaa/500-dark/2615.png
2834,Sul Ross State,Lobos,SUL,,SUL,Sul Ross St,,,#000000,,http://a.espncdn.com/i/teamlogos/ncaa/500/2834.png,http://a.espncdn.com/i/teamlogos/ncaa/500-dark/2834.png
2782,SUNY Cortland,Red Dragons,COR,,COR,SUNY Cortland,,,#000000,,http://a.espncdn.com/i/teamlogos/ncaa/500/2782.png,http://a.espncdn.com/i/teamlogos/ncaa/500-dark/2782.png
2951,SUNY Maritime,Privateers,MAR,,MAR,SUNY Maritime,,,#62082C,#14214E,http://a.espncdn.com/i/teamlogos/ncaa/500/2951.png,http://a.espncdn.com/i/teamlogos/ncaa/500-dark/2951.png
216,Susquehanna,Crusaders,SUS,,SUS,Susquehanna,,,#000000,,http://a.espncdn.com/i/teamlogos/ncaa/500/216.png,http://a.espncdn.com/i/teamlogos/ncaa/500-dark/216.png
183,Syracuse,Orange,SYR,,SYR,Syracuse,ACC,Atlantic,#FF431B,#000E54,http://a.espncdn.com/i/teamlogos/ncaa/500/183.png,http://a.espncdn.com/i/teamlogos/ncaa/500-dark/183.png
2627,Tarleton State,Texans,TAR,,TAR,Tarleton St,,,#4F2D7F,#000000,http://a.espncdn.com/i/teamlogos/ncaa/500/2627.png,http://a.espncdn.com/i/teamlogos/ncaa/500-dark/2627.png
2628,TCU,Horned Frogs,TCU,Texas Christian,TCU,TCU,Big 12,,#4D1979,#FFFFFF,http://a.espncdn.com/i/teamlogos/ncaa/500/2628.png,http://a.espncdn.com/i/teamlogos/ncaa/500-dark/2628.png
218,Temple,Owls,TEM,,TEM,Temple,American Athletic,East,#990033,#222222,http://a.espncdn.com/i/teamlogos/ncaa/500/218.png,http://a.espncdn.com/i/teamlogos/ncaa/500-dark/218.png
2633,Tennessee,Volunteers,TENN,,TENN,Tennessee,SEC,East,#FF8200,#4B4B4B,http://a.espncdn.com/i/teamlogos/ncaa/500/2633.png,http://a.espncdn.com/i/teamlogos/ncaa/500-dark/2633.png
2634,Tennessee State,Tigers,TNST,,TNST,Tennessee St,,,#171796,#FF0504,http://a.espncdn.com/i/teamlogos/ncaa/500/2634.png,http://a.espncdn.com/i/teamlogos/ncaa/500-dark/2634.png
2635,Tennessee Tech,Golden Eagles,TNTC,,TNTC,Tenn Tech,,,#4F2984,#FFDD00,http://a.espncdn.com/i/teamlogos/ncaa/500/2635.png,http://a.espncdn.com/i/teamlogos/ncaa/500-dark/2635.png
251,Texas,Longhorns,TEX,,TEX,Texas,Big 12,,#BF5700,#FFFFFF,http://a.espncdn.com/i/teamlogos/ncaa/500/251.png,http://a.espncdn.com/i/teamlogos/ncaa/500-dark/251.png
245,Texas A&M,Aggies,TA&M,,TA&M,Texas A&M,SEC,West,#500000,#FFFFFF,http://a.espncdn.com/i/teamlogos/ncaa/500/245.png,http://a.espncdn.com/i/teamlogos/ncaa/500-dark/245.png
2837,Texas A&M-Commerce,Lions,TXA,,TXA,TX A&M-Commerce,,,#0A2846,#EDAC09,http://a.espncdn.com/i/teamlogos/ncaa/500/2837.png,http://a.espncdn.com/i/teamlogos/ncaa/500-dark/2837.png
2658,Texas A&M-Kingsville,Javelinas,TXA,,TXA,Texas A&M-Kingsville,,,#005DAA,#FCC01F,http://a.espncdn.com/i/teamlogos/ncaa/500/2658.png,http://a.espncdn.com/i/teamlogos/ncaa/500-dark/2658.png
2637,Texas College,Steers,TXCL,,TXCL,Texas College,,,#563971,#AD8120,http://a.espncdn.com/i/teamlogos/ncaa/500/2637.png,http://a.espncdn.com/i/teamlogos/ncaa/500-dark/2637.png
2639,Texas Lutheran,Bulldogs,TEX,,TEX,Texas Lutheran,,,#000000,#EAAB00,http://a.espncdn.com/i/teamlogos/ncaa/500/2639.png,http://a.espncdn.com/i/teamlogos/ncaa/500-dark/2639.png
2640,Texas Southern,Tigers,TXSO,,TXSO,Texas Southern,,,#6F263D,#A2AAAD,http://a.espncdn.com/i/teamlogos/ncaa/500/2640.png,http://a.espncdn.com/i/teamlogos/ncaa/500-dark/2640.png
326,Texas State,Bobcats,TXST,,TXST,Texas State,Sun Belt,,#501214,#6A5638,http://a.espncdn.com/i/teamlogos/ncaa/500/326.png,http://a.espncdn.com/i/teamlogos/ncaa/500-dark/326.png
2641,Texas Tech,Red Raiders,TTU,,TTU,Texas Tech,Big 12,,#E90802,#000000,http://a.espncdn.com/i/teamlogos/ncaa/500/2641.png,http://a.espncdn.com/i/teamlogos/ncaa/500-dark/2641.png
2643,The Citadel,Bulldogs,CIT,,CIT,The Citadel,,,#002856,#7BADD3,http://a.espncdn.com/i/teamlogos/ncaa/500/2643.png,http://a.espncdn.com/i/teamlogos/ncaa/500-dark/2643.png
2646,Thomas More,Saints,THO,,THO,Thomas More,,,#00559F,#9FA1A3,http://a.espncdn.com/i/teamlogos/ncaa/500/2646.png,http://a.espncdn.com/i/teamlogos/ncaa/500-dark/2646.png
2838,Tiffin,Dragons,TIF,,TIF,Tiffin,,,#154734,#DAAA00,http://a.espncdn.com/i/teamlogos/ncaa/500/2838.png,http://a.espncdn.com/i/teamlogos/ncaa/500-dark/2838.png
2649,Toledo,Rockets,TOL,,TOL,Toledo,Mid-American,West,#0B2240,#FFCD00,http://a.espncdn.com/i/teamlogos/ncaa/500/2649.png,http://a.espncdn.com/i/teamlogos/ncaa/500-dark/2649.png
119,Towson,Tigers,TOWS,,TOWS,Towson,,,#000000,#FFBB00,http://a.espncdn.com/i/teamlogos/ncaa/500/119.png,http://a.espncdn.com/i/teamlogos/ncaa/500-dark/119.png
2651,Trine,Thunder,TRI,,TRI,Trine,,,#00305C,#C5B783,http://a.espncdn.com/i/teamlogos/ncaa/500/2651.png,http://a.espncdn.com/i/teamlogos/ncaa/500-dark/2651.png
3214,Trinity Bible,Lions,TRI,,TRI,Trinity Bible,,,,,http://a.espncdn.com/i/teamlogos/ncaa/500/3214.png,http://a.espncdn.com/i/teamlogos/ncaa/500-dark/3214.png
2977,Trinity (CT),Bantams,TRI,,TRI,Trinity (CT),,,#00305C,#F7D117,http://a.espncdn.com/i/teamlogos/ncaa/500/2977.png,http://a.espncdn.com/i/teamlogos/ncaa/500-dark/2977.png
2652,Trinity (IL),Trojans,TRI,,TRI,Trinity (IL),,,#000000,,http://a.espncdn.com/i/teamlogos/ncaa/500/2652.png,http://a.espncdn.com/i/teamlogos/ncaa/500-dark/2652.png
386,Trinity (TX),Tigers,TRI,,TRI,Trinity (TX),,,#723130,#BBBCBC,http://a.espncdn.com/i/teamlogos/ncaa/500/386.png,http://a.espncdn.com/i/teamlogos/ncaa/500-dark/386.png
2653,Troy,Trojans,TROY,,TROY,Troy,Sun Belt,,#98002E,#999999,http://a.espncdn.com/i/teamlogos/ncaa/500/2653.png,http://a.espncdn.com/i/teamlogos/ncaa/500-dark/2653.png
2654,Truman State,Bulldogs,TRU,,TRU,Truman St,,,#000000,,http://a.espncdn.com/i/teamlogos/ncaa/500/2654.png,http://a.espncdn.com/i/teamlogos/ncaa/500-dark/2654.png
112,Tufts,Jumbos,TUF,,TUF,Tufts,,,#3E8EDE,#512C1D,http://a.espncdn.com/i/teamlogos/ncaa/500/112.png,http://a.espncdn.com/i/teamlogos/ncaa/500-dark/112.png
2655,Tulane,Green Wave,TULN,,TULN,Tulane,American Athletic,West,#006548,#3A8DDE,http://a.espncdn.com/i/teamlogos/ncaa/500/2655.png,http://a.espncdn.com/i/teamlogos/ncaa/500-dark/2655.png
202,Tulsa,Golden Hurricane,TLSA,,TLSA,Tulsa,American Athletic,West,#003595,#CE0E2D,http://a.espncdn.com/i/teamlogos/ncaa/500/202.png,http://a.espncdn.com/i/teamlogos/ncaa/500-dark/202.png
2839,Tusculum,Pioneers,TUS,,TUS,Tusculum,,,#FF651C,#000000,http://a.espncdn.com/i/teamlogos/ncaa/500/2839.png,http://a.espncdn.com/i/teamlogos/ncaa/500-dark/2839.png
2657,Tuskegee,Golden Tigers,TUS,,TUS,Tuskegee,,,#7B0707,#F2BD2C,http://a.espncdn.com/i/teamlogos/ncaa/500/2657.png,http://a.espncdn.com/i/teamlogos/ncaa/500-dark/2657.png
5,UAB,Blazers,UAB,Alabama-Birmingham,UAB,UAB,Conference USA,West,#1A5632,#FDB913,http://a.espncdn.com/i/teamlogos/ncaa/500/5.png,http://a.espncdn.com/i/teamlogos/ncaa/500-dark/5.png
302,UC Davis,Aggies,UCD,California-Davis,UCD,UC Davis,,,#002855,#B3A369,http://a.espncdn.com/i/teamlogos/ncaa/500/302.png,http://a.espncdn.com/i/teamlogos/ncaa/500-dark/302.png
2116,UCF,Knights,UCF,Central Florida,UCF,UCF,American Athletic,East,#000000,#B7A369,http://a.espncdn.com/i/teamlogos/ncaa/500/2116.png,http://a.espncdn.com/i/teamlogos/ncaa/500-dark/2116.png
26,UCLA,Bruins,UCLA,,UCLA,UCLA,Pac-12,South,#2774AE,#F2A900,http://a.espncdn.com/i/teamlogos/ncaa/500/26.png,http://a.espncdn.com/i/teamlogos/ncaa/500-dark/26.png
113,UMass,Minutemen,UMASS,,UMASS,UMass,FBS Independents,,#881C1C,#27251F,http://a.espncdn.com/i/teamlogos/ncaa/500/113.png,http://a.espncdn.com/i/teamlogos/ncaa/500-dark/113.png
379,UMass Dartmouth,Corsairs,MAS,,MAS,UMass Dartmouth,,,#003764,#FEC24D,http://a.espncdn.com/i/teamlogos/ncaa/500/379.png,http://a.espncdn.com/i/teamlogos/ncaa/500-dark/379.png
2349,UMass Lowell,River Hawks,UML,,UML,UMass Lowell,,,#0067B1,#C8102E,http://a.espncdn.com/i/teamlogos/ncaa/500/2349.png,http://a.espncdn.com/i/teamlogos/ncaa/500-dark/2349.png
2882,UNC Pembroke,Braves,NCP,,NCP,UNC Pembroke,,,#000000,#A67F31,http://a.espncdn.com/i/teamlogos/ncaa/500/2882.png,http://a.espncdn.com/i/teamlogos/ncaa/500-dark/2882.png
237,Union,Dutchmen,UNI,,UNI,Union,,,#822433,#FFFFFF,http://a.espncdn.com/i/teamlogos/ncaa/500/237.png,http://a.espncdn.com/i/teamlogos/ncaa/500-dark/237.png
3254,University of Faith,Glory Eagles,UFFL,,UFFL,Faith-Florida,,,,,http://a.espncdn.com/i/teamlogos/ncaa/500/3254.png,http://a.espncdn.com/i/teamlogos/ncaa/500-dark/3254.png
2439,UNLV,Rebels,UNLV,Nevada-Las Vegas,UNLV,UNLV,Mountain West,West,#CF0A2C,#CAC8C8,http://a.espncdn.com/i/teamlogos/ncaa/500/2439.png,http://a.espncdn.com/i/teamlogos/ncaa/500-dark/2439.png
389,Upper Iowa,Peacocks,UI,,UI,Upper Iowa,,,#0D1030,#689CD3,http://a.espncdn.com/i/teamlogos/ncaa/500/389.png,http://a.espncdn.com/i/teamlogos/ncaa/500-dark/389.png
2666,Urbana,Blue Knights,URB,,URB,Urbana,,,#000000,,http://a.espncdn.com/i/teamlogos/ncaa/500/2666.png,http://a.espncdn.com/i/teamlogos/ncaa/500-dark/2666.png
2667,Ursinus,Bears,URS,,URS,Ursinus,,,#98012E,#FCB034,http://a.espncdn.com/i/teamlogos/ncaa/500/2667.png,http://a.espncdn.com/i/teamlogos/ncaa/500-dark/2667.png
30,USC,Trojans,USC,,USC,USC,Pac-12,South,#9D2235,#FFC72C,http://a.espncdn.com/i/teamlogos/ncaa/500/30.png,http://a.espncdn.com/i/teamlogos/ncaa/500-dark/30.png
254,Utah,Utes,UTAH,,UTAH,Utah,Pac-12,South,#BE0000,#000000,http://a.espncdn.com/i/teamlogos/ncaa/500/254.png,http://a.espncdn.com/i/teamlogos/ncaa/500-dark/254.png
328,Utah State,Aggies,USU,,USU,Utah State,Mountain West,Mountain,#00263A,#8A8D8F,http://a.espncdn.com/i/teamlogos/ncaa/500/328.png,http://a.espncdn.com/i/teamlogos/ncaa/500-dark/328.png
2638,UTEP,Miners,UTEP,Texas-El Paso,UTEP,UTEP,Conference USA,West,#041E42,#FF8200,http://a.espncdn.com/i/teamlogos/ncaa/500/2638.png,http://a.espncdn.com/i/teamlogos/ncaa/500-dark/2638.png
390,Utica,Pioneers,UTICA,,UTICA,Utica College,,,#0C223F,#E75200,http://a.espncdn.com/i/teamlogos/ncaa/500/390.png,http://a.espncdn.com/i/teamlogos/ncaa/500-dark/390.png
2630,UT Martin,Skyhawks,UTM,,UTM,UT Martin,,,#0D223F,#F58220,http://a.espncdn.com/i/teamlogos/ncaa/500/2630.png,http://a.espncdn.com/i/teamlogos/ncaa/500-dark/2630.png
2636,UT San Antonio,Roadrunners,UTSA,Texas-San Antonio,UTSA,UTSA,Conference USA,West,#002A5C,#f47321,http://a.espncdn.com/i/teamlogos/ncaa/500/2636.png,http://a.espncdn.com/i/teamlogos/ncaa/500-dark/2636.png
2842,UVA-Wise,Highland Cavaliers,VAW,,VAW,UVA-Wise,,,,,http://a.espncdn.com/i/teamlogos/ncaa/500/2842.png,http://a.espncdn.com/i/teamlogos/ncaa/500-dark/2842.png
271,UW-Oshkosh,Titans,WIS,,WIS,UW-Oshkosh,,,#000000,#FFCC00,http://a.espncdn.com/i/teamlogos/ncaa/500/271.png,http://a.espncdn.com/i/teamlogos/ncaa/500-dark/271.png
2723,UW-River Falls,Falcons,WIS,,WIS,UW-River Falls,,,#C80F2E,#000000,http://a.espncdn.com/i/teamlogos/ncaa/500/2723.png,http://a.espncdn.com/i/teamlogos/ncaa/500-dark/2723.png
2744,UW-Stout,Blue Devils,WIS,,WIS,UW-Stout,,,#012169,#000000,http://a.espncdn.com/i/teamlogos/ncaa/500/2744.png,http://a.espncdn.com/i/teamlogos/ncaa/500-dark/2744.png
2745,UW-Whitewater,Warhawks,WISW,,WISW,UW-Whitewater,,,#000000,,http://a.espncdn.com/i/teamlogos/ncaa/500/2745.png,http://a.espncdn.com/i/teamlogos/ncaa/500-dark/2745.png
2673,Valdosta State,Blazers,VAL,,VAL,Valdosta St,,,#CC0000,#000000,http://a.espncdn.com/i/teamlogos/ncaa/500/2673.png,http://a.espncdn.com/i/teamlogos/ncaa/500-dark/2673.png
628,Valley City State,Vikings,VAL,,VAL,Valley City St,,,#810027,#000000,http://a.espncdn.com/i/teamlogos/ncaa/500/628.png,http://a.espncdn.com/i/teamlogos/ncaa/500-dark/628.png
2674,Valparaiso,Crusaders,VALP,,VALP,Valparaiso,,,#5C3000,#FFE300,http://a.espncdn.com/i/teamlogos/ncaa/500/2674.png,http://a.espncdn.com/i/teamlogos/ncaa/500-dark/2674.png
238,Vanderbilt,Commodores,VAN,,VAN,Vanderbilt,SEC,East,#000000,#CFAE70,http://a.espncdn.com/i/teamlogos/ncaa/500/238.png,http://a.espncdn.com/i/teamlogos/ncaa/500-dark/238.png
222,Villanova,Wildcats,NOVA,,NOVA,Villanova,,,#00205B,#13B5EA,http://a.espncdn.com/i/teamlogos/ncaa/500/222.png,http://a.espncdn.com/i/teamlogos/ncaa/500-dark/222.png
258,Virginia,Cavaliers,UVA,,UVA,UVA,ACC,Coastal,#232D4B,#F84C1E,http://a.espncdn.com/i/teamlogos/ncaa/500/258.png,http://a.espncdn.com/i/teamlogos/ncaa/500-dark/258.png
330,Virginia State,Trojans,VIR,,VIR,Virginia St,,,#1F3D7B,#E05527,http://a.espncdn.com/i/teamlogos/ncaa/500/330.png,http://a.espncdn.com/i/teamlogos/ncaa/500-dark/330.png
259,Virginia Tech,Hokies,VT,,VT,VT,ACC,Coastal,#861F41,#E87722,http://a.espncdn.com/i/teamlogos/ncaa/500/259.png,http://a.espncdn.com/i/teamlogos/ncaa/500-dark/259.png
2678,VMI,Keydets,VMI,Virginia Military Institute,VMI,VMI,,,#AE122A,#FFD619,http://a.espncdn.com/i/teamlogos/ncaa/500/2678.png,http://a.espncdn.com/i/teamlogos/ncaa/500-dark/2678.png
89,Wabash College,Little Giants,WAB,Wabash,WAB,Wabash College,,,#EC1C2C,#FDC9A1,http://a.espncdn.com/i/teamlogos/ncaa/500/89.png,http://a.espncdn.com/i/teamlogos/ncaa/500-dark/89.png
2681,Wagner,Seahawks,WAG,,WAG,Wagner,,,#004331,#CCCCCC,http://a.espncdn.com/i/teamlogos/ncaa/500/2681.png,http://a.espncdn.com/i/teamlogos/ncaa/500-dark/2681.png
154,Wake Forest,Demon Deacons,WAKE,,WAKE,Wake Forest,ACC,Atlantic,#2C2A29,#CEB888,http://a.espncdn.com/i/teamlogos/ncaa/500/154.png,http://a.espncdn.com/i/teamlogos/ncaa/500-dark/154.png
3080,Waldorf,Warriors,WAL,,WAL,Waldorf,,,#471F6E,#B79257,http://a.espncdn.com/i/teamlogos/ncaa/500/3080.png,http://a.espncdn.com/i/teamlogos/ncaa/500-dark/3080.png
2682,Walsh,Cavaliers,WALSH,,WALSH,Walsh,,,#6D0020,#B6985A,http://a.espncdn.com/i/teamlogos/ncaa/500/2682.png,http://a.espncdn.com/i/teamlogos/ncaa/500-dark/2682.png
2683,Warner,Royals,UWS,,UWS,Warner,,,#1A305B,#E8A825,http://a.espncdn.com/i/teamlogos/ncaa/500/2683.png,http://a.espncdn.com/i/teamlogos/ncaa/500-dark/2683.png
2685,Wartburg,Knights,WAR,,WAR,Wartburg,,,#F58025,#000000,http://a.espncdn.com/i/teamlogos/ncaa/500/2685.png,http://a.espncdn.com/i/teamlogos/ncaa/500-dark/2685.png
2687,Washburn,Ichabods,WAS,,WAS,Washburn,,,#002E5E,#FFFFFF,http://a.espncdn.com/i/teamlogos/ncaa/500/2687.png,http://a.espncdn.com/i/teamlogos/ncaa/500-dark/2687.png
264,Washington,Huskies,WASH,,WASH,Washington,Pac-12,North,#33006F,#E8D3A2,http://a.espncdn.com/i/teamlogos/ncaa/500/264.png,http://a.espncdn.com/i/teamlogos/ncaa/500-dark/264.png
2686,Washington & Jefferson,Presidents,WAS,,WAS,W&J,,,#000000,#A4343A,http://a.espncdn.com/i/teamlogos/ncaa/500/2686.png,http://a.espncdn.com/i/teamlogos/ncaa/500-dark/2686.png
2688,Washington & Lee,Generals,UWL,,UWL,Wash. & Lee,,,#003399,#FFFFFF,http://a.espncdn.com/i/teamlogos/ncaa/500/2688.png,http://a.espncdn.com/i/teamlogos/ncaa/500-dark/2688.png
143,Washington (MO),Bears,WAS,,WAS,Washington (MO),,,#000000,,http://a.espncdn.com/i/teamlogos/ncaa/500/143.png,http://a.espncdn.com/i/teamlogos/ncaa/500-dark/143.png
265,Washington State,Cougars,WSU,,WSU,Washington St,Pac-12,North,#981E32,#53565A,http://a.espncdn.com/i/teamlogos/ncaa/500/265.png,http://a.espncdn.com/i/teamlogos/ncaa/500-dark/265.png
630,Wayland Baptist,Pioneers,WAY,,WAY,Wayland,,,#004A8D,#FFD200,http://a.espncdn.com/i/teamlogos/ncaa/500/630.png,http://a.espncdn.com/i/teamlogos/ncaa/500-dark/630.png
2845,Waynesburg,Yellow Jackets,WAY,,WAY,Waynesburg,,,#B95205,#000000,http://a.espncdn.com/i/teamlogos/ncaa/500/2845.png,http://a.espncdn.com/i/teamlogos/ncaa/500-dark/2845.png
131,Wayne State (MI),Warriors,WAY,,WAY,Wayne St (MI),,,#115E56,#C79316,http://a.espncdn.com/i/teamlogos/ncaa/500/131.png,http://a.espncdn.com/i/teamlogos/ncaa/500-dark/131.png
2844,Wayne State (NE),Wildcats,WAY,,WAY,Wayne St (NE),,,#000000,#FBBF22,http://a.espncdn.com/i/teamlogos/ncaa/500/2844.png,http://a.espncdn.com/i/teamlogos/ncaa/500-dark/2844.png
2691,Webber International,Warriors,WEBB,,WEBB,Webber College,,,#234F33,#8E908F,http://a.espncdn.com/i/teamlogos/ncaa/500/2691.png,http://a.espncdn.com/i/teamlogos/ncaa/500-dark/2691.png
2692,Weber State,Wildcats,WEB,,WEB,Weber State,,,#492365,#4B4945,http://a.espncdn.com/i/teamlogos/ncaa/500/2692.png,http://a.espncdn.com/i/teamlogos/ncaa/500-dark/2692.png
336,Wesleyan,Cardinals,WES,Wesleyan,WES,Wesleyan,,,#D72121,#000000,http://a.espncdn.com/i/teamlogos/ncaa/500/336.png,http://a.espncdn.com/i/teamlogos/ncaa/500-dark/336.png
2846,Wesley College,Wolverines,WES,,WES,Wesley College,,,#000000,,http://a.espncdn.com/i/teamlogos/ncaa/500/2846.png,http://a.espncdn.com/i/teamlogos/ncaa/500-dark/2846.png
2695,West Alabama,Tigers,WES,,WES,West Alabama,,,#A6192E,#000000,http://a.espncdn.com/i/teamlogos/ncaa/500/2695.png,http://a.espncdn.com/i/teamlogos/ncaa/500-dark/2695.png
223,West Chester,Golden Rams,WES,,WES,West Chester,,,#540E69,#FAAA20,http://a.espncdn.com/i/teamlogos/ncaa/500/223.png,http://a.espncdn.com/i/teamlogos/ncaa/500-dark/223.png
2717,Western Carolina,Catamounts,WCU,,WCU,W Carolina,,,#592C88,#B9975B,http://a.espncdn.com/i/teamlogos/ncaa/500/2717.png,http://a.espncdn.com/i/teamlogos/ncaa/500-dark/2717.png
2843,Western Connecticut State,Colonials,WES,,WES,W Conn St,,,#002856,#FF4D00,http://a.espncdn.com/i/teamlogos/ncaa/500/2843.png,http://a.espncdn.com/i/teamlogos/ncaa/500-dark/2843.png
2710,Western Illinois,Leathernecks,WIU,,WIU,W Illinois,,,#663399,#FFCC00,http://a.espncdn.com/i/teamlogos/ncaa/500/2710.png,http://a.espncdn.com/i/teamlogos/ncaa/500-dark/2710.png
98,Western Kentucky,Hilltoppers,WKU,,WKU,W Kentucky,Conference USA,East,#B01E24,#000000,http://a.espncdn.com/i/teamlogos/ncaa/500/98.png,http://a.espncdn.com/i/teamlogos/ncaa/500-dark/98.png
2711,Western Michigan,Broncos,WMU,,WMU,W Michigan,Mid-American,West,#532E1F,#F1C500,http://a.espncdn.com/i/teamlogos/ncaa/500/2711.png,http://a.espncdn.com/i/teamlogos/ncaa/500-dark/2711.png
2702,Western New England,Golden Bears,WES,,WES,W New England,,,#003082,#E6B012,http://a.espncdn.com/i/teamlogos/ncaa/500/2702.png,http://a.espncdn.com/i/teamlogos/ncaa/500-dark/2702.png
2703,Western New Mexico,Mustangs,WES,,WES,W New Mexico,,,#42196F,#FEBE10,http://a.espncdn.com/i/teamlogos/ncaa/500/2703.png,http://a.espncdn.com/i/teamlogos/ncaa/500-dark/2703.png
2848,Western Oregon,Wolves,WES,,WES,Western Oregon,,,#E31837,#231F20,http://a.espncdn.com/i/teamlogos/ncaa/500/2848.png,http://a.espncdn.com/i/teamlogos/ncaa/500-dark/2848.png
2714,Western State,Mountaineers,WES,,WES,Western St.,,,#000000,,http://a.espncdn.com/i/teamlogos/ncaa/500/2714.png,http://a.espncdn.com/i/teamlogos/ncaa/500-dark/2714.png
2847,Western Washington,Vikings,WES,,WES,W Washington,,,#0E2B58,#7898C9,http://a.espncdn.com/i/teamlogos/ncaa/500/2847.png,http://a.espncdn.com/i/teamlogos/ncaa/500-dark/2847.png
2909,Westfield State,Owls,WES,,WES,Westfield St,,,#00247D,#8E774D,http://a.espncdn.com/i/teamlogos/ncaa/500/2909.png,http://a.espncdn.com/i/teamlogos/ncaa/500-dark/2909.png
110242,West Florida,Argonauts,,,,Argonauts,,,#0072CE,#00AF66,,
2698,West Georgia,Wolves,WES,,WES,West Georgia,,,#0033A1,#DB1A21,http://a.espncdn.com/i/teamlogos/ncaa/500/2698.png,http://a.espncdn.com/i/teamlogos/ncaa/500-dark/2698.png
2699,West Liberty,Hilltoppers,WES,,WES,West Liberty,,,#000000,#FFCD33,http://a.espncdn.com/i/teamlogos/ncaa/500/2699.png,http://a.espncdn.com/i/teamlogos/ncaa/500-dark/2699.png
433,Westminster,Blue Jays,WMN,,WMN,Westminster,,,#002F56,#6EB1DF,http://a.espncdn.com/i/teamlogos/ncaa/500/433.png,http://a.espncdn.com/i/teamlogos/ncaa/500-dark/433.png
2849,Westminster PA,Titans,WMN,,WMN,Westminster PA,,,#000000,,http://a.espncdn.com/i/teamlogos/ncaa/500/2849.png,http://a.espncdn.com/i/teamlogos/ncaa/500-dark/2849.png
2704,West Texas A&M,Buffaloes,WES,,WES,West Texas A&M,,,#581818,#000000,http://a.espncdn.com/i/teamlogos/ncaa/500/2704.png,http://a.espncdn.com/i/teamlogos/ncaa/500-dark/2704.png
277,West Virginia,Mountaineers,WVU,,WVU,West Virginia,Big 12,,#002855,#EAAA00,http://a.espncdn.com/i/teamlogos/ncaa/500/277.png,http://a.espncdn.com/i/teamlogos/ncaa/500-dark/277.png
2706,West Virginia Tech,Golden Bears,WVT,,WVT,W Virginia Tech,,,#000000,,http://a.espncdn.com/i/teamlogos/ncaa/500/2706.png,http://a.espncdn.com/i/teamlogos/ncaa/500-dark/2706.png
396,Wheaton College (Ill),Thunder,WHE,,WHE,Wheaton  (Ill),,,#00447C,#D15E14,http://a.espncdn.com/i/teamlogos/ncaa/500/396.png,http://a.espncdn.com/i/teamlogos/ncaa/500-dark/396.png
2850,Whittier,Poets,WHI,,WHI,Whittier,,,#661C78,#EDB200,http://a.espncdn.com/i/teamlogos/ncaa/500/2850.png,http://a.espncdn.com/i/teamlogos/ncaa/500-dark/2850.png
2721,Whitworth,Pirates,WHI,,WHI,Whitworth,,,#C22033,#000000,http://a.espncdn.com/i/teamlogos/ncaa/500/2721.png,http://a.espncdn.com/i/teamlogos/ncaa/500-dark/2721.png
2725,Widener,Pride,WID,,WID,Widener,,,#0057B8,#FFC845,http://a.espncdn.com/i/teamlogos/ncaa/500/2725.png,http://a.espncdn.com/i/teamlogos/ncaa/500-dark/2725.png
398,Wilkes,Colonels,WIL,,WIL,Wilkes,,,#002855,#FFCD00,http://a.espncdn.com/i/teamlogos/ncaa/500/398.png,http://a.espncdn.com/i/teamlogos/ncaa/500-dark/398.png
2930,Willamette,Bearcats,WIL,,WIL,Willamette,,,#98002E,#B39D6E,http://a.espncdn.com/i/teamlogos/ncaa/500/2930.png,http://a.espncdn.com/i/teamlogos/ncaa/500-dark/2930.png
2911,William Jewell College,Cardinals,WJC,,WJC,William Jewell,,,#E4002B,#000000,http://a.espncdn.com/i/teamlogos/ncaa/500/2911.png,http://a.espncdn.com/i/teamlogos/ncaa/500-dark/2911.png
2729,William & Mary,Tribe,W&M,,W&M,William & Mary,,,#115740,#F0B323,http://a.espncdn.com/i/teamlogos/ncaa/500/2729.png,http://a.espncdn.com/i/teamlogos/ncaa/500-dark/2729.png
2970,William Paterson,Pioneers,WMP,,WMP,William Paterson,,,#F06023,#22211F,http://a.espncdn.com/i/teamlogos/ncaa/500/2970.png,http://a.espncdn.com/i/teamlogos/ncaa/500-dark/2970.png
2912,William Penn,Statesmen,WIL,,WIL,William Penn,,,#000000,,http://a.espncdn.com/i/teamlogos/ncaa/500/2912.png,http://a.espncdn.com/i/teamlogos/ncaa/500-dark/2912.png
2731,Williams,Ephs,WIL,,WIL,Williams,,,#512698,#FDCC09,http://a.espncdn.com/i/teamlogos/ncaa/500/2731.png,http://a.espncdn.com/i/teamlogos/ncaa/500-dark/2731.png
3130,Williamson Trade,Mechanics,WIL,,WIL,Williamson Trade,,,#000000,,http://a.espncdn.com/i/teamlogos/ncaa/500/3130.png,http://a.espncdn.com/i/teamlogos/ncaa/500-dark/3130.png
2733,Wilmington (OH),Quakers,WIL,,WIL,Wilmington (OH),,,#024E43,#7AB800,http://a.espncdn.com/i/teamlogos/ncaa/500/2733.png,http://a.espncdn.com/i/teamlogos/ncaa/500-dark/2733.png
351,Wingate,Bulldogs,WIN,,WIN,Wingate,,,#00205B,#C5B783,http://a.espncdn.com/i/teamlogos/ncaa/500/351.png,http://a.espncdn.com/i/teamlogos/ncaa/500-dark/351.png
2851,Winona State,Warriors,WIN,,WIN,Winona St,,,#4B08A1,#FFCC33,http://a.espncdn.com/i/teamlogos/ncaa/500/2851.png,http://a.espncdn.com/i/teamlogos/ncaa/500-dark/2851.png
2736,Winston-Salem,Rams,WSSU,,WSSU,Winston-Salem,,,#bb0100,,http://a.espncdn.com/i/teamlogos/ncaa/500/2736.png,http://a.espncdn.com/i/teamlogos/ncaa/500-dark/2736.png
275,Wisconsin,Badgers,WIS,,WIS,Wisconsin,Big Ten,West,#C5050C,#000000,http://a.espncdn.com/i/teamlogos/ncaa/500/275.png,http://a.espncdn.com/i/teamlogos/ncaa/500-dark/275.png
2738,Wisconsin-Eau Claire,Blugolds,WIS,,WIS,UW-Eau Claire,,,#2B3E85,#EDAC1A,http://a.espncdn.com/i/teamlogos/ncaa/500/2738.png,http://a.espncdn.com/i/teamlogos/ncaa/500-dark/2738.png
2740,Wisconsin-La Crosse,Eagles,WIS,,WIS,UW-La Crosse,,,#830019,#969799,http://a.espncdn.com/i/teamlogos/ncaa/500/2740.png,http://a.espncdn.com/i/teamlogos/ncaa/500-dark/2740.png
2741,Wisconsin Lutheran,Warriors,WIS,,WIS,Wisconsin Lutheran,,,#006643,#000000,http://a.espncdn.com/i/teamlogos/ncaa/500/2741.png,http://a.espncdn.com/i/teamlogos/ncaa/500-dark/2741.png
272,Wisconsin-Platteville,Pioneers,WIS,,WIS,UW-Platteville,,,#FF5800,#0047BA,http://a.espncdn.com/i/teamlogos/ncaa/500/272.png,http://a.espncdn.com/i/teamlogos/ncaa/500-dark/272.png
2743,Wisconsin-Stevens Point,Pointers,WIS,,WIS,UW-Stevens Point,,,#59178A,#FCC917,http://a.espncdn.com/i/teamlogos/ncaa/500/2743.png,http://a.espncdn.com/i/teamlogos/ncaa/500-dark/2743.png
2746,Wittenberg,Tigers,WIT,,WIT,Wittenberg,,,#C51F35,#000000,http://a.espncdn.com/i/teamlogos/ncaa/500/2746.png,http://a.espncdn.com/i/teamlogos/ncaa/500-dark/2746.png
2747,Wofford,Terriers,WOF,,WOF,Wofford,,,#282829,#8A6E4B,http://a.espncdn.com/i/teamlogos/ncaa/500/2747.png,http://a.espncdn.com/i/teamlogos/ncaa/500-dark/2747.png
2748,Wooster,Fighting Scots,WOO,,WOO,Wooster,,,#000000,#F7BE15,http://a.espncdn.com/i/teamlogos/ncaa/500/2748.png,http://a.espncdn.com/i/teamlogos/ncaa/500-dark/2748.png
2749,Worcester Polytechnic,Engineers,WPI,,WPI,WPI,,,#000000,,http://a.espncdn.com/i/teamlogos/ncaa/500/2749.png,http://a.espncdn.com/i/teamlogos/ncaa/500-dark/2749.png
402,Worcester State College,Lancers,WOR,,WOR,Worcester St,,,#003896,#F0E07D,http://a.espncdn.com/i/teamlogos/ncaa/500/402.png,http://a.espncdn.com/i/teamlogos/ncaa/500-dark/402.png
2750,Wright State University,Raiders,WRST,,WRST,Wright State,,,#a36209,#e2b629,http://a.espncdn.com/i/teamlogos/ncaa/500/2750.png,http://a.espncdn.com/i/teamlogos/ncaa/500-dark/2750.png
2707,WV State,Yellow Jackets,WES,,WES,WV St,,,#000000,,http://a.espncdn.com/i/teamlogos/ncaa/500/2707.png,http://a.espncdn.com/i/teamlogos/ncaa/500-dark/2707.png
455,WV Wesleyan,Bobcats,WVW,West Virginia Wesleyan,WVW,WV Wesleyan,,,#000000,,http://a.espncdn.com/i/teamlogos/ncaa/500/455.png,http://a.espncdn.com/i/teamlogos/ncaa/500-dark/455.png
2751,Wyoming,Cowboys,WYO,,WYO,Wyoming,Mountain West,Mountain,#492F24,#FFC425,http://a.espncdn.com/i/teamlogos/ncaa/500/2751.png,http://a.espncdn.com/i/teamlogos/ncaa/500-dark/2751.png
43,Yale,Bulldogs,YALE,,YALE,Yale,,,#0A2240,#FFFFFF,http://a.espncdn.com/i/teamlogos/ncaa/500/43.png,http://a.espncdn.com/i/teamlogos/ncaa/500-dark/43.png
2754,Youngstown State,Penguins,YSU,,YSU,Youngstown St,,,#CE0E2D,#000000,http://a.espncdn.com/i/teamlogos/ncaa/500/2754.png,http://a.espncdn.com/i/teamlogos/ncaa/500-dark/2754.png
1000509,10th District A.C.,,,,,,,,,,,
1000571,111th Ambulance,,,,,,,,,,,
1000449,11th Cavalry,,,,,,,,,,,
1000727,1st Infantry,,,,,,,,,,,
1000557,1st Texas Artillery,,,,,,,,,,,
1000726,20th Infantry,,,,,,,,,,,
1000770,260th Coast Artillery,,,,,,,,,,,
1000399,26th Infantry,,,,,,,,,,,
1000633,2nd Developmemt Regiment,,,,,,,,,,,
1000566,2nd Texas 132nd Infantry,,,,,,,,,,,
1000562,362nd Infantry,,,,,,,,,,,
1000677,3rd Army Corps,,,,,,,,,,,
1000549,47th Infantry,,,,,,,,,,,
1000600,48th Infantry,,,,,,,,,,,
1000551,7th Infantry,,,,,,,,,,,
1000668,9th Amry Corps,,,,,,,,,,,
1000817,Abilene Field,,,,,,,,,,,
1000093,Active Football Club,,,,,,,,,,,
1000379,Actual Business College,,,,,,,,,,,
1000173,Adelbert,,,,,,,,,,,
1000872,Adelphi,,,,,,,,,,,
1000654,Alabama Medical,,,,,,,,,,,
1000481,Alabama Presbyterian,,,,,,,,,,,
1000473,Alabama Southern,,,,,,,,,,,
1000008,Alameda Coast Guard,Sea Lions,,,,Alameda Coast Guard,,,,,,
1000869,Alameda NAS,,,,,,,,,,,
1000672,Albertson,,,,,,,,,,,
1000782,Albuquerque Field,,,,,,,,,,,
1000874,Alliance,,,,,,,,,,,
1000512,Alma,,,,,,,,,,,
1000409,Altoona A.C.,,,,,,,,,,,
1000009,Amarillo Field,Sky Giants,,,,Amarillo Field,,,,,,
1000386,American,,,,,,,,,,,
1000684,American Legion,,,,,,,,,,,
1000303,American Medical,,,,,,,,,,,
1000257,American Osteopath,,,,,,,,,,,
1000179,Amherst YMCA,,,,,,,,,,,
1000723,Anaconda Anodes,,,,,,,,,,,
1000469,Anderson,,,,,,,,,,,
1000089,Andover,,,,,,,,,,,
1000740,Arizona All-Stars,,,,,,,,,,,
1000142,Armour,,,,,,,,,,,
1000552,Army Ambulance Corps,,,,,,,,,,,
1000446,Athens,,,,,,,,,,,
1000273,Athens A.C.,,,,,,,,,,,
1000675,Atlantic Christian,,,,,,,,,,,
1000838,Atlantic City NAS,,,,,,,,,,,
1000362,Augusta Military Academy,,,,,,,,,,,
1000347,Augustana (South Dakota),,,,,,,,,,,
1000387,Austin,,,,,,,,,,,
1000212,Austin High,,,,,,,,,,,
1000547,Bailey Military,,,,,,,,,,,
1000808,Bainbridge NTS,,,,,,,,,,,
1000131,Baker,,,,,,,,,,,
1000637,Balboa NTS,,,,,,,,,,,
1000544,Ballard Meteors,,,,,,,,,,,
1000431,Baltimore,,,,,,,,,,,
1000180,Baltimore A.C.,,,,,,,,,,,
1000140,Bankers A.C.,,,,,,,,,,,
1000845,Barksdale Field,,,,,,,,,,,
1000442,Barnes Medical,,,,,,,,,,,
1000597,Barron Field,,,,,,,,,,,
1000825,Beaumont Hospital,,,,,,,,,,,
2056,Belhaven College,Blazers,BEL,,BEL,Belhaven,,,#1D3C34,#FFD100,http://a.espncdn.com/i/teamlogos/ncaa/500/2056.png,http://a.espncdn.com/i/teamlogos/ncaa/500-dark/2056.png
1000408,Bellefonte Academy,,,,,,,,,,,
1000336,Bellevue,,,,,,,,,,,
1000596,Belmont A.C.,,,,,,,,,,,
1000314,Beloit High,,,,,,,,,,,
2059,Benedict,Tigers,BEN,,BEN,Benedict,,,#4C145E,#F9D616,http://a.espncdn.com/i/teamlogos/ncaa/500/2059.png,http://a.espncdn.com/i/teamlogos/ncaa/500-dark/2059.png
1000192,Bennett Medical,,,,,,,,,,,
1000857,Berg Field,,,,,,,,,,,
1000849,Bergstrom Field,,,,,,,,,,,
1000112,Berkeley A.C.,,,,,,,,,,,
1000338,Bethany (Kansas),,,,,,,,,,,
1000374,Bethany (West Virginia),,,,,,,,,,,
1000495,Bethel,,,,,,,,,,,
1000288,Bingham,,,,,,,,,,,
1000440,Birmingham,,,,,,,,,,,
1000291,Birmingham High,,,,,,,,,,,
1000893,Bishop,,,,,,,,,,,
1000771,Blackland Field,,,,,,,,,,,
1000468,Blountsville Agricultural,,,,,,,,,,,
1000856,Bogue Field,,,,,,,,,,,
1000882,Bolling Field,,,,,,,,,,,
1000101,Boston A.C.,,,,,,,,,,,
1000119,Boston English High,,,,,,,,,,,
1000117,Boston Latin High,,,,,,,,,,,
1000010,Boston University,Terriers,,,,Boston University,,,#CC0000,#000000,,
1000280,Boulder High,,,,,,,,,,,
2075,Bowie State,Bulldogs,BOW,,BOW,Bowie St,,,#1D252C,#FFCE00,http://a.espncdn.com/i/teamlogos/ncaa/500/2075.png,http://a.espncdn.com/i/teamlogos/ncaa/500-dark/2075.png
1000213,Bradford National Guard,,,,,,,,,,,
1000011,Bradley,Braves,,,,Bradley,,,#A50000,#000000,,
1000881,Brandeis,,,,,,,,,,,
1000401,Brayton,,,,,,,,,,,
1000546,Bremerton Navy,,,,,,,,,,,
1000748,Bridgewater,,,,,,,,,,,
1000072,Britannia,,,,,,,,,,,
1000078,British Club of New York,,,,,,,,,,,
1000842,Brooklyn,,,,,,,,,,,
1000080,Brooklyn Polytechnic Institute,,,,,,,,,,,
1000814,Brooklyn Tigers (NFL),,,,,,,,,,,
1000795,Bryan Field,,,,,,,,,,,
1000662,Bryson,,,,,,,,,,,
1000378,Buckner Business College,,,,,,,,,,,
1000840,Bunker Hill Navy,,,,,,,,,,,
1000640,Burleson,,,,,,,,,,,
1000271,Burlingame A.C.,,,,,,,,,,,
1000394,Butler YMCA,,,,,,,,,,,
1000162,Butte A.C.,,,,,,,,,,,
1000687,California Alumni,,,,,,,,,,,
1000376,California (Pennsylvania),,,,,,,,,,,
1000891,California-Riverside,,,,,,,,,,,
1000007,California-Santa Barbara,Gauchos,UCSB,,UCSB,California-Santa Barbara,,,,,,
1000690,California Tech,,,,,,,,,,,
1000513,Cal Poly-Pomona,,,,,,,,,,,
1000012,Cal State Fullerton,Titans,,,,Cal State Fullerton,,,#00244E,#FF7900,,
1000013,Cal State Los Angeles,Golden Eagles,,,,Cal State Los Angeles,,,#000000,#FFCE00,,
1000887,Cal State Northridge,,,,,,,,,,,
1000147,Camp Adams,,,,,,,,,,,
1000591,Camp Baker,,,,,,,,,,,
1000854,Camp Beale,,,,,,,,,,,
1000846,Camp Blanding,,,,,,,,,,,
1000767,Camp Davis,,,,,,,,,,,
1000567,Camp Devens,,,,,,,,,,,
1000618,Camp Dodge,,,,,,,,,,,
1000575,Camp Doniphan,,,,,,,,,,,
1000217,Campello,,,,,,,,,,,
1000564,Camp Funston,,,,,,,,,,,
1000572,Camp Gordon,,,,,,,,,,,
1000014,Camp Grant,Warriors,,,,Camp Grant,,,,,,
1000626,Camp Greene,,,,,,,,,,,
1000589,Camp Greenleaf,,,,,,,,,,,
1000598,Camp Griffin,,,,,,,,,,,
1000769,Camp Haan,,,,,,,,,,,
1000599,Camp Hancock,,,,,,,,,,,
1000619,Camp Harrison,,,,,,,,,,,
1000879,Camp Hood,,,,,,,,,,,
1000605,Camp Humphreys,,,,,,,,,,,
1000803,Camp Kilmer,,,,,,,,,,,
1000574,Camp Lee,,,,,,,,,,,
1000789,Camp Lejeune,,,,,,,,,,,
1000550,Camp Logan,,,,,,,,,,,
1000559,Camp Lyons,,,,,,,,,,,
1000625,Camp Mabry,,,,,,,,,,,
1000569,Camp MacAurthur,,,,,,,,,,,
1000579,Camp MacDowell,,,,,,,,,,,
1000861,Camp Mackall,,,,,,,,,,,
1000866,Camp McClelland,,,,,,,,,,,
1000353,Camp McKinley,,,,,,,,,,,
1000349,Camp McPherson,,,,,,,,,,,
1000432,Camp Meyer,,,,,,,,,,,
1000900,Camp Peary,,,,,,,,,,,
1000880,Camp Pendleton,,,,,,,,,,,
1000635,Camp Perry,,,,,,,,,,,
1000773,Camp Pickett,,,,,,,,,,,
1000577,Camp Pike,,,,,,,,,,,
1000829,Camp Polk,,,,,,,,,,,
1000250,Camp Preble,,,,,,,,,,,
1000451,Camp Russell,,,,,,,,,,,
1000576,Camp Sevier,,,,,,,,,,,
1000621,Camp Shelby,,,,,,,,,,,
1000573,Camp Sherman,,,,,,,,,,,
1000607,Camp Taylor,,,,,,,,,,,
1000594,Camp Travis,,,,,,,,,,,
1000556,Camp Wadsworth,,,,,,,,,,,
1000068,Canada All-Stars,,,,,,,,,,,
1000706,Canisius,,,,,,,,,,,
1000396,Canton A.C.,,,,,,,,,,,
1000601,Carleton-St. Olaf,,,,,,,,,,,
1000015,Carlisle,Indians,,,,Carlisle,,,#AE0F0B,#CFB53B,,
1000670,Carlstrom Field,,,,,,,,,,,
1000692,Carroll (Montana),,,,,,,,,,,
1000542,Carroll (Wisconsin),,,,,,,,,,,
1000580,Carruthers Field,,,,,,,,,,,
1000883,Carswell AFB,,,,,,,,,,,
1000744,Casa Blanca Indians,,,,,,,,,,,
1000156,Case,,,,,,,,,,,
1000429,Castle Heights,,,,,,,,,,,
1000459,Catawba College,,,,,,,,,,,
1000500,Catholic,,,,,,,,,,,
1000016,Centenary (LA),Gents,,,,Centenary (LA),,,#8A2432,#000000,,
1000702,Centerville (Butte),,,,,,,,,,,
1000309,Central Academy,,,,,,,,,,,
1000506,Central (Iowa),,,,,,,,,,,
1000295,Central (Kentucky),,,,,,,,,,,
1000526,Chamberlain Hunt,,,,,,,,,,,
1000578,Chanute Field,,,,,,,,,,,
1000390,Charles City,,,,,,,,,,,
1000305,Charleston,,,,,,,,,,,
1000806,Charleston Coast Guard,,,,,,,,,,,
1000479,Charleston Navy,,,,,,,,,,,
1000831,Chatham Field,,,,,,,,,,,
1000666,Chemawa,,,,,,,,,,,
1000826,Cherry Point Marines,,,,,,,,,,,
1000395,Cheyenne High,,,,,,,,,,,
1000109,Chicago A.C.,,,,,,,,,,,
1000185,Chicago Alumni,,,,,,,,,,,
1000263,Chicago College,,,,,,,,,,,
1000287,Chicago Dental,,,,,,,,,,,
1000144,Chicago Dining Club,,,,,,,,,,,
1000267,Chicago Medical,,,,,,,,,,,
1000583,Chicago Naval Reserve,,,,,,,,,,,
1000122,Chicago YMCA,,,,,,,,,,,
1000543,Chick Springs Military,,,,,,,,,,,
1000321,Chilocco,,,,,,,,,,,
2804,Chowan,Braves,CHO,,CHO,Chowan,,,#003087,#041E42,http://a.espncdn.com/i/teamlogos/ncaa/500/2804.png,http://a.espncdn.com/i/teamlogos/ncaa/500-dark/2804.png
1000514,Christian Brothers,,,,,,,,,,,
1000066,City College of New York,,,,,,,,,,,
1000699,Clarke Memorial,,,,,,,,,,,
1000268,Clarkson,,,,,,,,,,,
1000535,Clemson Freshmen,,,,,,,,,,,
1000634,Cleveland Naval Reserves,,,,,,,,,,,
1000148,C.M.T.S.,,,,,,,,,,,
1000844,College All-Stars,,,,,,,,,,,
1000344,Colorado Alumni,,,,,,,,,,,
1000330,Colorado College Alumni,,,,,,,,,,,
1000775,Colorado Springs Field,,,,,,,,,,,
1000281,Colorado Springs High,,,,,,,,,,,
1000695,Colorado State Freshmen,,,,,,,,,,,
1000104,Columbia A.C.,,,,,,,,,,,
1000317,Columbia Alumni,,,,,,,,,,,
1000486,Columbia College,,,,,,,,,,,
1000086,Columbia Law,,,,,,,,,,,
1000753,Columbia (Oregon),,,,,,,,,,,
1000318,Columbia YMCA,,,,,,,,,,,
1000375,Company I,,,,,,,,,,,
1000110,Connecticut Literary,,,,,,,,,,,
1000206,Connecticut-Waterbury,,,,,,,,,,,
1000421,Conway Hall,,,,,,,,,,,
1000774,Corpus Christi NAS,,,,,,,,,,,
1000235,Cortland State,,,,,,,,,,,
1000656,Cotton City A.C.,,,,,,,,,,,
1000588,Crane J.C.,,,,,,,,,,,
1000017,Creighton,Bluejays,,,,Creighton,,,#005CA9,#00235D,,
1000075,Crescent A.C.,,,,,,,,,,,
1000364,Culver,,,,,,,,,,,
1000793,Curtis Bay Coast Guard,,,,,,,,,,,
1000862,Dalhart Field,,,,,,,,,,,
1000491,Dallas,,,,,,,,,,,
1000331,Daniel Baker,,,,,,,,,,,
1000787,Daniel Field,,,,,,,,,,,
1000507,Davis & Elkins,,,,,,,,,,,
1000139,Dean Academy,,,,,,,,,,,
1000645,Decatur Baptist,,,,,,,,,,,
1000018,Del Monte Pre-Flight,Navyators,,,,Del Monte Pre-Flight,,,,,,
1000001,Denver,Pioneers,DU,,DU,Denver,,,#BA0C2F,#A89968,,
1000136,Denver A.C.,,,,,,,,,,,
1000464,Denver Alumni,,,,,,,,,,,
1000539,Denver Freshmen,,,,,,,,,,,
1000289,Denver Manual High,,,,,,,,,,,
1000671,DePaul,,,,,,,,,,,
1000269,Des Moines,,,,,,,,,,,
1000239,Des Moines Baptist,,,,,,,,,,,
1000079,Detroit A.C.,,,,,,,,,,,
1000019,Detroit Mercy,Titans,,,,Detroit Mercy,,,#A6093D,#002D72,,
1000277,Dickinson Seminary,,,,,,,,,,,
1000751,Dixie,,,,,,,,,,,
3101,Dixie State,Red Storm,DIX,,DIX,Dixie St,,,#003058,#BA1C21,http://a.espncdn.com/i/teamlogos/ncaa/500/3101.png,http://a.espncdn.com/i/teamlogos/ncaa/500-dark/3101.png
1000215,Dixon,,,,,,,,,,,
1000130,Doane,,,,,,,,,,,
1000415,Drake Alumni,,,,,,,,,,,
1000701,Drexel,,,,,,,,,,,
1000020,Drury,Panthers,,,,Drury,,,#E31837,#6A737B,,
1000176,Duquesne A.C.,,,,,,,,,,,
1000520,East Central Oklahoma,,,,,,,,,,,
1000299,East Denver High,,,,,,,,,,,
1000311,East Des Moines High,,,,,,,,,,,
1000739,Eastern Arizona J.C.,,,,,,,,,,,
1000428,Eastern (Virginia),,,,,,,,,,,
1000728,Edmond Tech,,,,,,,,,,,
1000833,Edmonton Field,,,,,,,,,,,
1000899,Edward Waters,,,,,,,,,,,
1000265,Elgin Academy,,,,,,,,,,,
1000167,Elizabeth A.C.,,,,,,,,,,,
1000724,Ellensburg,,,,,,,,,,,
1000850,Ellington Field,,,,,,,,,,,
1000525,Ellsworth,,,,,,,,,,,
1000732,El Paso National Guard,,,,,,,,,,,
1000828,El Toro Marines,,,,,,,,,,,
1000316,Emporia College,,,,,,,,,,,
1000707,Englewood,,,,,,,,,,,
1000127,Englewood High,,,,,,,,,,,
1000128,Englewood YMCA,,,,,,,,,,,
1000021,Erskine,The Flying Fleet,,,,Erskine,,,,,,
1000067,Eton,,,,,,,,,,,
1000163,Eureka,,,,,,,,,,,
1000152,Evanston High,,,,,,,,,,,
1000752,Evansville,,,,,,,,,,,
1000090,Exeter,,,,,,,,,,,
1000155,F.A.A.,,,,,,,,,,,
1000111,Fall River,,,,,,,,,,,
1000087,Falls of Schuylkill,,,,,,,,,,,
1000859,Farragut Navy,,,,,,,,,,,
109418,Finlandia University,Lions,FINL,,FINL,Finlandia,,,,,,
1000437,Fishburne M.A.,,,,,,,,,,,
1000228,Fitchburg YMCA,,,,,,,,,,,
1000819,Fleet City,,,,,,,,,,,
1000528,Florence YMCA,,,,,,,,,,,
1000508,Florida Southern,,,,,,,,,,,
1000022,Fort Benning,Doughboys,,,,Fort Benning,,,,,,
1000830,Fort Bliss,,,,,,,,,,,
1000689,Fort Bragg,,,,,,,,,,,
1000631,Fort Des Moines,,,,,,,,,,,
1000391,Fort Douglas,,,,,,,,,,,
1000382,Fort Ethan Allen,,,,,,,,,,,
1000643,Fort Jackson,,,,,,,,,,,
1000777,Fort Knox,,,,,,,,,,,
1000476,Fort Leavenworth,,,,,,,,,,,
1000755,Fort Lewis College,,,,,,,,,,,
1000776,Fort Monmouth,,,,,,,,,,,
1000823,Fort Monroe,,,,,,,,,,,
1000628,Fort Oglethorpe,,,,,,,,,,,
1000768,Fort Ord,,,,,,,,,,,
1000827,Fort Pierce,,,,,,,,,,,
1000023,Fort Riley,Centaurs,,,,Fort Riley,,,,,,
1000255,Fort Sheridan,,,,,,,,,,,
1000784,Fort Totten,,,,,,,,,,,
1000024,Fort Warren,Broncos,,,,Fort Warren,,,,,,
1000326,Fort Worth,,,,,,,,,,,
1000612,Foundation,,,,,,,,,,,
1000885,Frederick,,,,,,,,,,,
1000278,Freeport High,,,,,,,,,,,
1000584,Fremont Ammuntion,,,,,,,,,,,
1000868,Fresno State JV,,,,,,,,,,,
1000342,Friends,,,,,,,,,,,
1000818,Galveston Field,,,,,,,,,,,
1000632,Garden City,,,,,,,,,,,
1000363,Geneva,,,,,,,,,,,
1000351,Georgetown (Kentucky),,,,,,,,,,,
1000025,George Washington,Colonials,,,,George Washington,,,#002D62,#E4CF9F,,
1000548,Georgia B,,,,,,,,,,,
1000470,Georgia Medical,,,,,,,,,,,
1000026,Georgia Pre-Flight,Skycrackers,,,,Georgia Pre-Flight,,,,,,
1000545,Georgia Tech B,,,,,,,,,,,
1000581,Goat Island Navy,,,,,,,,,,,
1000283,Golden High,,,,,,,,,,,
1000027,Gonzaga,Bulldogs,,,,Gonzaga,,,#041E42,#C8102E,,
1000691,Gonzaga Alumni,,,,,,,,,,,
1000404,Gordon,,,,,,,,,,,
1000244,Goshen,,,,,,,,,,,
1000315,Grand Island,,,,,,,,,,,
1000188,Grand Rapids High,,,,,,,,,,,
1000532,Granite High,,,,,,,,,,,
1000028,Great Lakes Navy,Bluejackets,,,,Great Lakes Navy,,,,,,
1000137,Greenfield,,,,,,,,,,,
1000809,Greensboro Field,,,,,,,,,,,
1000804,Greenville Field,,,,,,,,,,,
1000184,Greer,,,,,,,,,,,
1000240,Grinnell Alumni,,,,,,,,,,,
1000284,Grinnell High,,,,,,,,,,,
1000406,Grove City,,,,,,,,,,,
1000186,Hahnemann Medical,,,,,,,,,,,
1000653,Hamilton A.C.,,,,,,,,,,,
1000361,Hampton A.C.,,,,,,,,,,,
1000646,Hampton Road,,,,,,,,,,,
1000467,Harrisburg A.C.,,,,,,,,,,,
1000492,Harry Hillman Academy,,,,,,,,,,,
1000154,Hartford,,,,,,,,,,,
1000092,Harvard Alumni,,,,,,,,,,,
1000094,Harvard B,,,,,,,,,,,
1000134,Harvard Freshmen,,,,,,,,,,,
1000477,Harvard Law,,,,,,,,,,,
1000029,Haskell,Indians,,,,Haskell,,,,,,
1000398,Hastings,,,,,,,,,,,
1000716,Hastings State,,,,,,,,,,,
1000458,Havana A.C.,,,,,,,,,,,
1000420,Havana University,,,,,,,,,,,
1000030,Haverford,Fords,,,,Haverford,,,#9D2235,#000000,,
1000696,Hawaii All-Stars,,,,,,,,,,,
1000889,Hayward State,,,,,,,,,,,
1000377,Hebron Academy,,,,,,,,,,,
1000329,Hedding,,,,,,,,,,,
1000858,Herington Field,,,,,,,,,,,
1000313,Highland Park,,,,,,,,,,,
1000719,High Point,,,,,,,,,,,
1000762,Hiwassee,,,,,,,,,,,
1000614,Hoboken Navy,,,,,,,,,,,
2275,Hofstra,Pride,HOF,,HOF,Hofstra,,,#003591,#FDC82F,http://a.espncdn.com/i/teamlogos/ncaa/500/2275.png,http://a.espncdn.com/i/teamlogos/ncaa/500-dark/2275.png
1000254,Homestead A.C.,,,,,,,,,,,
1000847,Hondo Field,,,,,,,,,,,
1000178,Hopkinson,,,,,,,,,,,
1000471,Horner,,,,,,,,,,,
1000373,Houston YMCA,,,,,,,,,,,
1000158,Hyde Park,,,,,,,,,,,
1000123,Hyde Park High,,,,,,,,,,,
1000779,Idaho Marines,,,,,,,,,,,
1000216,Illinois Alumni,,,,,,,,,,,
1000172,Illinois Cycling Club,,,,,,,,,,,
1000555,Illinois Medical,,,,,,,,,,,
1000439,Independence A.C.,,,,,,,,,,,
1000241,Indiana Alumni,,,,,,,,,,,
1000348,Indiana Medical,,,,,,,,,,,
1000452,Indiana (Pennsylvania),,,,,,,,,,,
1000150,Indianapolis Artillery,,,,,,,,,,,
1000705,Intermountain,,,,,,,,,,,
1000000,Iowa Pre-Flight,Seahawks,IPF,,IPF,Iowa Pre-Flight,,,,,,
1000430,Jackson Br.-New Orleans,,,,,,,,,,,
1000822,Jackson Field,,,,,,,,,,,
1000031,Jacksonville Naval Air Station,Flyers,,,,Jacksonville Naval Air Station,,,,,,
1000435,James Millikin,,,,,,,,,,,
1000412,Jefferson,,,,,,,,,,,
1000350,Jefferson Medical,,,,,,,,,,,
1000360,Jersey Shore,,,,,,,,,,,
1000758,Kamehameha Alumni,,,,,,,,,,,
1000132,Kansas City A.C.,,,,,,,,,,,
1000251,Kansas City Medical,,,,,,,,,,,
1000407,Kansas City Veterinary,,,,,,,,,,,
1000524,Kansas Wesleyan,,,,,,,,,,,
2871,Kean,Cougars,KEA,,KEA,Kean,,,#003057,#7C878E,http://a.espncdn.com/i/teamlogos/ncaa/500/2871.png,http://a.espncdn.com/i/teamlogos/ncaa/500-dark/2871.png
1000483,Kearney,,,,,,,,,,,
1000855,Kearney Field,,,,,,,,,,,
1000851,Keesler Field,,,,,,,,,,,
1000608,Kelly Field,,,,,,,,,,,
1000354,Kents Hill,,,,,,,,,,,
3077,Kentucky Christian,Knights,KCU,,KCU,Kentucky Christian,,,#EB1927,#080808,http://a.espncdn.com/i/teamlogos/ncaa/500/3077.png,http://a.espncdn.com/i/teamlogos/ncaa/500-dark/3077.png
1000293,King,,,,,,,,,,,
1000328,Kingfisher,,,,,,,,,,,
1000743,King George,,,,,,,,,,,
1000772,Kirtland Field,,,,,,,,,,,
1000553,Kiski Preparatory,,,,,,,,,,,
255,Knox College,Prairie Fire,KNO,Knox,KNO,Knox College,,,#5B2B82,#FCE200,http://a.espncdn.com/i/teamlogos/ncaa/500/255.png,http://a.espncdn.com/i/teamlogos/ncaa/500-dark/255.png
1000848,Lackland Field,,,,,,,,,,,
1000224,Lake Forest Academy,,,,,,,,,,,
1000226,Lake Forest Alumni,,,,,,,,,,,
1000778,Lakehurst NAS,,,,,,,,,,,
6353,Lakeland University,Lakeland,LAKE,,LAKE,Lakeland,,,,,http://a.espncdn.com/i/teamlogos/ncaa/500/6353.png,http://a.espncdn.com/i/teamlogos/ncaa/500-dark/6353.png
1000120,Lake View High,,,,,,,,,,,
1000202,Lancaster Crescents,,,,,,,,,,,
2323,Lane,Dragons,LAN,,LAN,Lane,,,#000080,#990000,http://a.espncdn.com/i/teamlogos/ncaa/500/2323.png,http://a.espncdn.com/i/teamlogos/ncaa/500-dark/2323.png
1000660,Lanier,,,,,,,,,,,
1000445,Laramie High,,,,,,,,,,,
1000248,La Salle,,,,,,,,,,,
1000488,Latrobe A.C.,,,,,,,,,,,
1000159,Laureate Boat Club,,,,,,,,,,,
1000138,Lawrenceville,,,,,,,,,,,
1000339,Lawton,,,,,,,,,,,
1000568,League Island Navy,,,,,,,,,,,
1000427,Leander Clarke,,,,,,,,,,,
1000108,Lehigh A.C.,,,,,,,,,,,
1000870,Leilahau,,,,,,,,,,,
1000083,Lewisburg A.C.,,,,,,,,,,,
1000630,Lieutenants,,,,,,,,,,,
1000894,Lincoln,,,,,,,,,,,
1000824,Lincoln Field,,,,,,,,,,,
1000243,Lincoln High,,,,,,,,,,,
1000355,Lincoln Medical,,,,,,,,,,,
1000460,Locust Grove,,,,,,,,,,,
1000502,Logan All-Stars,,,,,,,,,,,
1000032,Lombard,,,,,Lombard,,,,,,
1000006,Long Beach State,49ers,LBS,,LBS,Long Beach State,,,#000000,#ECAA00,,
1000300,Longmont High,,,,,,,,,,,
1000718,Loras,,,,,,,,,,,
263,Loras College,Duhawks,LOR,,LOR,Loras College,,,#442D7D,#D1B888,http://a.espncdn.com/i/teamlogos/ncaa/500/263.png,http://a.espncdn.com/i/teamlogos/ncaa/500-dark/263.png
1000710,Los Angeles A.C.,,,,,,,,,,,
1000750,Los Angeles Junior College,,,,,,,,,,,
1000800,Louisiana Army STU,,,,,,,,,,,
1000709,Louisiana State Freshmen,,,,,,,,,,,
1000852,Louisville Field,,,,,,,,,,,
1000615,Love Field,,,,,,,,,,,
1000790,Lowry Field,,,,,,,,,,,
1000606,Loyola Academy,,,,,,,,,,,
1000713,Loyola (Baltimore),,,,,,,,,,,
1000712,Loyola (Chicago),,,,,,,,,,,
1000033,Loyola (LA),Wolfpack,,,,Loyola (LA),,,#660000,#F4AA00,,
1000034,Loyola Marymount,Lions,,,,Loyola Marymount,,,#AB0C2F,#0076A5,,
1000035,Lubbock Field,,,,,Lubbock Field,,,,,,
1000682,Lynchburg,,,,,,,,,,,
1000590,MacAurthur Field,,,,,,,,,,,
1000517,Machinists Mates,,,,,,,,,,,
1000189,Madison High,,,,,,,,,,,
1000036,Manhattan,Jaspers,,,,Manhattan,,,#00703C,#A39161,,
1000102,Manhattan A.C.,,,,,,,,,,,
1000785,Manhattan Beach Coast Guard,,,,,,,,,,,
1000897,Mankato State,,,,,,,,,,,
1000145,Manual Training High,,,,,,,,,,,
1000037,March Field,Flyers,,,,March Field,,,,,,
1000038,Mare Island Marines,,,,,Mare Island Marines,,,,,,
1000609,Mare Island Navy,,,,,,,,,,,
1000352,Marine Officers,,,,,,,,,,,
1000294,Marion,,,,,,,,,,,
1000510,Marion County High,,,,,,,,,,,
1000261,Marion Sims,,,,,,,,,,,
1000039,Marquette,Golden Eagles,,,,Marquette,,,#003366,#FFCC00,,
1000463,Marshall School,,,,,,,,,,,
1000368,Marshalltown,,,,,,,,,,,
1000194,Maryland A.C.,,,,,,,,,,,
1000204,Maryland-Baltimore,,,,,,,,,,,
1000393,Massilon A.C.,,,,,,,,,,,
1000620,Mather Field,,,,,,,,,,,
1000841,Maxwell Field,,,,,,,,,,,
1000815,Mayport NAS,,,,,,,,,,,
1000860,McClellan Field,,,,,,,,,,,
1000345,McDaniel,,,,,,,,,,,
1000069,McGill,,,,,,,,,,,
2816,McKendree,Bearcats,MAN,,MAN,McKendree,,,#470A68,#B7970C,http://a.espncdn.com/i/teamlogos/ncaa/500/2816.png,http://a.espncdn.com/i/teamlogos/ncaa/500-dark/2816.png
1000232,Medford A.C.,,,,,,,,,,,
1000264,Medico-Chirurgical,,,,,,,,,,,
1000835,Melville PT Boats,,,,,,,,,,,
1000466,Memphis High,,,,,,,,,,,
1000797,Memphis Navy,,,,,,,,,,,
1000325,Mercersburg Academy,,,,,,,,,,,
1000540,Meridian,,,,,,,,,,,
1000485,Meteor A.C.,,,,,,,,,,,
1000124,Michigan A.C.,,,,,,,,,,,
1000149,Michigan Military Academy,,,,,,,,,,,
1000873,Midwestern Texas State,,,,,,,,,,,
1000816,Milligan,,,,,,,,,,,
1000259,Milwaukee Medical,,,,,,,,,,,
1000171,Minneapolis Boat Club,,,,,,,,,,,
1000165,Minneapolis Central High,,,,,,,,,,,
1000312,Minneapolis Eastern High,,,,,,,,,,,
1000182,Minneapolis South High,,,,,,,,,,,
1000125,Minnesota Alumni,,,,,,,,,,,
1000516,Missouri-Kansas City,,,,,,,,,,,
1000320,Missouri-Rolla,,,,,,,,,,,
1000895,Missouri Southern,,,,,,,,,,,
1000839,Missouri Valley,,,,,,,,,,,
1000661,Missouri Wesleyan,,,,,,,,,,,
109,MIT,Engineers,MIT,,MIT,MIT,,,#A31F34,#C2C0BF,http://a.espncdn.com/i/teamlogos/ncaa/500/109.png,http://a.espncdn.com/i/teamlogos/ncaa/500-dark/109.png
1000766,Moffett Field,,,,,,,,,,,
1000871,Mohawk,,,,,,,,,,,
1000388,Moline A.C.,,,,,,,,,,,
1000403,Monroe A.C.,,,,,,,,,,,
1000534,Montana Tech,,,,,,,,,,,
1000681,Montana Wesleyan,,,,,,,,,,,
1000115,Montclair A.C.,,,,,,,,,,,
1000717,Montezuma,,,,,,,,,,,
1000319,Montgomery A.C.,,,,,,,,,,,
1000798,Monticello Navy,,,,,,,,,,,
1000076,Montreal,,,,,,,,,,,
1000285,Mooney,,,,,,,,,,,
1000896,Moorhead State,,,,,,,,,,,
1000474,Morgan,,,,,,,,,,,
1000438,Morganton Mutes,,,,,,,,,,,
1000832,Morris Field,,,,,,,,,,,
1000490,Morris Harvey,,,,,,,,,,,
1000193,Mount Airy Deaf School,,,,,,,,,,,
1000454,Mount Carmel All-Stars,,,,,,,,,,,
1000129,Mount Hermon,,,,,,,,,,,
1000497,Mount Pleasant,,,,,,,,,,,
1000203,Mount St. Mary's,,,,,,,,,,,
1000419,Multnomah A.C.,,,,,,,,,,,
1000040,Nashville,,,,,Nashville,,,,,,
1000558,Navy Hospital Corps,,,,,,,,,,,
1000565,Navy Reserves,,,,,,,,,,,
1000604,Navy Transport,,,,,,,,,,,
1000245,Nebraska Alumni,,,,,,,,,,,
1000478,Nebraska Wesleyan,,,,,,,,,,,
6845,Nebraska Wesleyan University,Neb Wesleyan,NWU,,NWU,Neb. Wesleyan,,,,,http://a.espncdn.com/i/teamlogos/ncaa/500/6845.png,http://a.espncdn.com/i/teamlogos/ncaa/500-dark/6845.png
1000253,Needham,,,,,,,,,,,
1000231,Newark A.C.,,,,,,,,,,,
1000515,Newberry A.C.,,,,,,,,,,,
1000275,Newburyport A.C.,,,,,,,,,,,
1000523,New England All-Stars,,,,,,,,,,,
1000195,New Jersey A.C.,,,,,,,,,,,
1000837,New London Submarine Base,,,,,,,,,,,
1000737,New Mexico Military,,,,,,,,,,,
1000746,New Mexico Tech,,,,,,,,,,,
1000424,New Orleans Gym Club,,,,,,,,,,,
1000570,Newport Navy,,,,,,,,,,,
1000759,Newport News,,,,,,,,,,,
1000602,Newport NTS,,,,,,,,,,,
1000164,Newton A.C.,,,,,,,,,,,
1000416,Newton High,,,,,,,,,,,
1000200,Newtowne A.C.,,,,,,,,,,,
1000106,New York A.C.,,,,,,,,,,,
1000116,New York Law,,,,,,,,,,,
1000333,New York Naval Militia,,,,,,,,,,,
1000649,New York State,,,,,,,,,,,
1000041,New York University,Violets,,,,New York University,,,#57068C,#000000,,
1000402,Niagara,,,,,,,,,,,
1000356,Norfolk A.C.,,,,,,,,,,,
1000480,Norfolk Blues,,,,,,,,,,,
1000688,Norfolk Fire Department,,,,,,,,,,,
1000811,Norfolk Marines,,,,,,,,,,,
1000622,Norfolk Navy,,,,,,,,,,,
1000642,Norfolk Navy Base,,,,,,,,,,,
1000639,Norfolk Navy Yard,,,,,,,,,,,
1000042,Norman Naval Air Station,Zoomers,,,,Norman Naval Air Station,,,,,,
1000444,Norman Park,,,,,,,,,,,
1000518,North Alabama A.C.,,,,,,,,,,,
1000434,North Carolina Medical,,,,,,,,,,,
1000005,North Carolina Pre-Flight,Cloudbusters,NCPF,,NCPF,North Carolina Pre-Flight,,,,,,
1000754,North Dakota Teachers,,,,,,,,,,,
1000310,North Denver High,,,,,,,,,,,
1000237,North Division High,,,,,,,,,,,
111,Northeastern,Huskies,NE,,NE,Northeastern,,,#D41B2C,#000000,http://a.espncdn.com/i/teamlogos/ncaa/500/111.png,http://a.espncdn.com/i/teamlogos/ncaa/500-dark/111.png
1000698,Northeastern Oklahoma State,,,,,,,,,,,
1000385,North Georgia,,,,,,,,,,,
1000210,Northwest Division High,,,,,,,,,,,
1000187,Northwestern Academy,,,,,,,,,,,
1000205,Northwestern Alumni,,,,,,,,,,,
1000221,Northwestern Dental,,,,,,,,,,,
1000392,Northwestern (Wisconsin),,,,,,,,,,,
1000747,Notre Dame B,,,,,,,,,,,
1000282,Oak Ridge,,,,,,,,,,,
1000863,Oceana NAS,,,,,,,,,,,
1000664,Ogden A.C.,,,,,,,,,,,
1000411,Ogden High,,,,,,,,,,,
1000043,Oglethorpe,Stormy Petrels,,,,Oglethorpe,,,#000000,#FFDD00,,
1000554,Ohio Am. Corp.,,,,,,,,,,,
1000209,Ohio Medical,,,,,,,,,,,
1000457,Oklahoma City,,,,,,,,,,,
1000522,Oklahoma Mines,,,,,,,,,,,
1000735,Oklahoma Teachers,,,,,,,,,,,
1000821,Olathe Navy,,,,,,,,,,,
1000153,Olivet,,,,,,,,,,,
1000096,Olympic A.C.,,,,,,,,,,,
1000536,Olympic Club,,,,,,,,,,,
1000623,Omaha Balloon,,,,,,,,,,,
1000323,Omaha Light Guards,,,,,,,,,,,
1000286,Onondaga,,,,,,,,,,,
1000100,Orange A.C.,,,,,,,,,,,
1000738,Oregon College,,,,,,,,,,,
1000538,Oregon State Alumni,,,,,,,,,,,
1000537,Originals A.C.,,,,,,,,,,,
1000074,Ottawa,,,,,,,,,,,
1000805,Ottumwa Pre-Flight,,,,,,,,,,,
1000436,Ouachita,,,,,,,,,,,
1000585,Overland Station,,,,,,,,,,,
1000715,Ozarks,,,,,,,,,,,
1000044,Pacific,Tigers,,,,Pacific,,,#000000,#F47920,,
1000796,Pacific All-Stars,,,,,,,,,,,
1000657,Pacific Fleet,,,,,,,,,,,
1000650,Pacific (Oregon),,,,,,,,,,,
1000878,Pacific Submarines,,,,,,,,,,,
1000097,Palmyra,,,,,,,,,,,
1000742,Panhandle State,,,,,,,,,,,
1000220,Panora,,,,,,,,,,,
1000627,Park Field,,,,,,,,,,,
1000456,Parris Island Marines,,,,,,,,,,,
1000886,Parsons,,,,,,,,,,,
1000482,Parsons (Iowa),,,,,,,,,,,
1000143,Pastime A.C.,,,,,,,,,,,
1000613,Payne Field,,,,,,,,,,,
1000673,Pearl Harbor,,,,,,,,,,,
1000593,Pelham Bay Navy,,,,,,,,,,,
1000587,Penn Radio School,,,,,,,,,,,
1000082,Pennsylvania Alumni,,,,,,,,,,,
1000201,Pennsylvania College,,,,,,,,,,,
1000073,Pennsylvania Military,,,,,,,,,,,
1000367,Pennsylvania Railroad YMCA,,,,,,,,,,,
1000191,Pennsylvania Reserves,,,,,,,,,,,
1000366,Pensacola A.C.,,,,,,,,,,,
1000783,Pensacola NAS,,,,,,,,,,,
1000337,Peoria Socials A.C.,,,,,,,,,,,
1000867,Pepperdine,,,,,,,,,,,
1000410,Peru State,,,,,,,,,,,
1000214,Phialdelphia YMCA,,,,,,,,,,,
1000270,Philadelphia A.C.,,,,,,,,,,,
1000070,Philadelphia All-Stars,,,,,,,,,,,
1000603,Philadelphia Naval Yard,,,,,,,,,,,
1000045,Phillips,Haymakers,,,,Phillips,,,,,,
1000198,Phoenix A.C.,,,,,,,,,,,
1000749,Phoenix All-Stars,,,,,,,,,,,
1000234,Phoenix Indians,,,,,,,,,,,
1000190,Physicians & Surgeons,,,,,,,,,,,
1000674,Piedmont,,,,,,,,,,,
1000133,Pittsburgh A.C.,,,,,,,,,,,
1000389,Pittsburgh Lyceum,,,,,,,,,,,
1000177,Pittsfield A.C.,,,,,,,,,,,
1000794,Pleasanton Navy,,,,,,,,,,,
1000807,Pomona Ordinance Base,,,,,,,,,,,
1000233,Pontiac A.C.,,,,,,,,,,,
1000447,Porter Military,,,,,,,,,,,
1000046,Portland,Pilots,,,,Portland,,,#330072,#FFFFFF,,
1000218,Portland A.C.,,,,,,,,,,,
1000450,Port Royal,,,,,,,,,,,
1000836,Portsmouth Fleet,,,,,,,,,,,
1000611,Post Field,,,,,,,,,,,
1000157,Prairie A.C.,,,,,,,,,,,
1000582,Presidio of San Francisco,,,,,,,,,,,
1000114,Princeton A.C.,,,,,,,,,,,
1000077,Princeton Alumni,,,,,,,,,,,
1000174,Princeton Seminary,,,,,,,,,,,
1000704,Providence,,,,,,,,,,,
1000334,Pueblo High,,,,,,,,,,,
1000307,Pueblo YMCA,,,,,,,,,,,
1000208,Purdue Alumni,,,,,,,,,,,
1000047,Quantico Marines,Devil Dogs,,,,Quantico Marines,,,,,,
1000292,Quincy A.C.,,,,,,,,,,,
1000048,Randolph Field,Ramblers,,,,Randolph Field,,,,,,
1000586,Ream Field,,,,,,,,,,,
1000049,Regis (CO),Rangers,,,,Regis (CO),,,#002B49,#F1C400,,
1000531,Reina Mercedes,,,,,,,,,,,
1000160,Reliance A.C.,,,,,,,,,,,
1000533,Richmond Blues,,,,,,,,,,,
1000791,Richmond Field,,,,,,,,,,,
1000099,Ridgefield A.C.,,,,,,,,,,,
1000496,Riverside,,,,,,,,,,,
1000383,Roanoke,,,,,,,,,,,
1000343,Rockford High,,,,,,,,,,,
1000256,Rockford YMCA,,,,,,,,,,,
1000765,Rockhurst,,,,,,,,,,,
1000276,Rock Island A.C.,,,,,,,,,,,
1000669,Rollins,,,,,,,,,,,
1000647,Rooks,,,,,,,,,,,
1000151,Rush Medical,,,,,,,,,,,
1000641,Rusk,,,,,,,,,,,
1000733,Sacaton Indians,,,,,,,,,,,
1000238,Sacred Heart (Wisconsin),,,,,,,,,,,
1000050,Saint Louis,Billikens,,,,Saint Louis,,,#003DA5,#C8C9C7,,
1000051,Saint Mary's (CA),Gaels,,,,Saint Mary's (CA),,,#06315B,#D80024,,
1000065,Saint Mary's (CA) Pre-Flight,Air Devils,,,,Saint Mary's (CA) Pre-Flight,,,,,,
1000799,Salt Lake Field,,,,,,,,,,,
1000414,Salt Lake High,,,,,,,,,,,
1000161,Salt Lake YMCA,,,,,,,,,,,
1000792,Sampson NTS,,,,,,,,,,,
1000820,San Diego Bombers (PCFL),,,,,,,,,,,
1000745,San Diego Marines,,,,,,,,,,,
1000801,San Diego Navy,,,,,,,,,,,
1000004,San Francisco,Dons,SF,,SF,San Francisco,,,#00543C,#FDBB30,,
1000843,San Francisco Clippers (AFL),,,,,,,,,,,
1000888,San Francisco State,,,,,,,,,,,
1000875,San Pedro A.C.,,,,,,,,,,,
1000636,San Pedro Navy,,,,,,,,,,,
1000788,Santa Ana Field,,,,,,,,,,,
1000003,Santa Clara,Broncos,SC,,SC,Santa Clara,,,#862633,#000000,,
1000335,Savannah A.C.,,,,,,,,,,,
1000247,S.B. Howard Park,,,,,,,,,,,
1000714,Schuylkill,,,,,,,,,,,
1000107,Schuylkill Navy,,,,,,,,,,,
1000629,Scott Field,,,,,,,,,,,
1000703,Scout Fleet,,,,,,,,,,,
1000725,Scranton,,,,,,,,,,,
1000465,Seamen Gunners,,,,,,,,,,,
1000053,Second Air Force,Superbombers,,,,Second Air Force,,,,,,
1000813,Second Air Force (Colorado),,,,,,,,,,,
1000781,Second Air Force (Washington),,,,,,,,,,,
1000081,Seton Hall,,,,,,,,,,,
1000655,Sewanee Club (Virginia),,,,,,,,,,,
1000461,Sewanee Medical,,,,,,,,,,,
1000225,Shamokin,,,,,,,,,,,
1000227,Shattuck,,,,,,,,,,,
1000340,Sherman,,,,,,,,,,,
2560,Shorter,Hawks,SHO,,SHO,Shorter,,,#0068B3,#231F20,http://a.espncdn.com/i/teamlogos/ncaa/500/2560.png,http://a.espncdn.com/i/teamlogos/ncaa/500-dark/2560.png
1000357,Shreveport A.C.,,,,,,,,,,,
1000332,Shurtleff,,,,,,,,,,,
1000170,Sioux City A.C.,,,,,,,,,,,
2894,Sioux Falls,Cougars,SIO,,SIO,Sioux Falls,,,#492F91,#000000,http://a.espncdn.com/i/teamlogos/ncaa/500/2894.png,http://a.espncdn.com/i/teamlogos/ncaa/500-dark/2894.png
1000266,SMTS,,,,,,,,,,,
1000898,Sonoma State,,,,,,,,,,,
1000258,South Bend A.C.,,,,,,,,,,,
1000168,South Berwick,,,,,,,,,,,
1000519,South Denver High,,,,,,,,,,,
1000663,Southeastern Oklahoma State,,,,,,,,,,,
1000678,Southern California Alumni,,,,,,,,,,,
1000686,Southern College,,,,,,,,,,,
1000679,Southern Methodist Freshmen,,,,,,,,,,,
1000659,Southern Military Academy,,,,,,,,,,,
1000802,South Plains Field,,,,,,,,,,,
1000229,South Side Academy,,,,,,,,,,,
1000493,Southwestern (Kansas),,,,,,,,,,,
1000530,Southwestern Oklahoma State,,,,,,,,,,,
2588,Southwestern University,Pirates,SW,Southwestern (TX),SW,Southwestern U,,,,,http://a.espncdn.com/i/teamlogos/ncaa/500/2588.png,http://a.espncdn.com/i/teamlogos/ncaa/500-dark/2588.png
1000786,Spence Field,,,,,,,,,,,
1000054,Spring Hill,Badgers,,,,Spring Hill,,,#49176D,#FFFFFF,,
1000853,Squantum NAS,,,,,,,,,,,
1000503,Staats A.C.,,,,,,,,,,,
1000290,St. Albans,,,,,,,,,,,
1000624,Standifer Shipbuilders,,,,,,,,,,,
1000756,St. Benedict,,,,,,,,,,,
1000462,St. Bonaventure,,,,,,,,,,,
1000667,St. Edward's,,,,,,,,,,,
1000279,Steelton YMCA,,,,,,,,,,,
1000472,Sterling A.C.,,,,,,,,,,,
1000055,Stevens,Ducks,,,,Stevens,,,#A32638,#9A989A,,
1000071,Stevens Alumni,,,,,,,,,,,
1000529,St. Francis (Pennsylvania),,,,,,,,,,,
1000610,St. Helena NTS,,,,,,,,,,,
1000262,Still,,,,,,,,,,,
1000146,St. John's M.A.,,,,,,,,,,,
1000113,St. John's (Maryland),,,,,,,,,,,
1000884,St. Joseph's (Indiana),,,,,,,,,,,
1000617,St. Joseph's (Pennsylvania),,,,,,,,,,,
1000246,St. Lawrence,,,,,,,,,,,
1000729,St. Louis Alumni-Hawaii,,,,,,,,,,,
1000400,St. Mary's (Kansas),,,,,,,,,,,
1000734,St. Mary's (Minnesota),,,,,,,,,,,
1000498,St. Mary's (Texas),,,,,,,,,,,
1000834,St. Olaf,,,,,,,,,,,
1000527,St. Paul,,,,,,,,,,,
1000236,St. Paul Central High,,,,,,,,,,,
1000274,St. Paul's (New Hampshire),,,,,,,,,,,
1000423,Stroudsburg,,,,,,,,,,,
1000175,St. Steven's,,,,,,,,,,,
1000365,St. Thomas,,,,,,,,,,,
1000380,St. Viator,,,,,,,,,,,
1000417,St. Vincent's (California),,,,,,,,,,,
1000763,St. Vincent's (Pennsylvania),,,,,,,,,,,
1000426,Superba A.C.,,,,,,,,,,,
1000002,Swarthmore,Garnet Tide,SWAR,,SWAR,Swarthmore,,,,,,
1000103,Swarthmore Alumni,,,,,,,,,,,
1000118,Syracuse A.C.,,,,,,,,,,,
1000272,Syracuse Alumni,,,,,,,,,,,
1000680,Talladega,,,,,,,,,,,
1000056,Tampa,Spartans,,,,Tampa,,,#000000,#C8102E,,
1000504,Tampa A.C.,,,,,,,,,,,
1000252,Tarkio,,,,,,,,,,,
620,Taylor,Trojans,TAY,,TAY,Taylor,,,#522D72,#B2B4BE,http://a.espncdn.com/i/teamlogos/ncaa/500/620.png,http://a.espncdn.com/i/teamlogos/ncaa/500-dark/620.png
1000121,Temperance A.C.,,,,,,,,,,,
1000381,Tennessee Deaf School,,,,,,,,,,,
1000057,Tennessee Medical College,,,,,Tennessee Medical College,,,,,,
1000301,Tennessee-Memphis,,,,,,,,,,,
1000413,Tennessee Military,,,,,,,,,,,
1000757,Tennessee Wesleyan,,,,,,,,,,,
1000876,Texas A&M-Corpus Christi,,,,,,,,,,,
1000058,Texas-Arlington,Mavericks,,,,Texas-Arlington,,,#0064B1,#F58025,,
1000322,Texas Deaf School,,,,,,,,,,,
1000730,Texas Military,,,,,,,,,,,
1000760,Texas Wesleyan,,,,,,,,,,,
1000685,Thiel,,,,,,,,,,,
2644,Thiel College,Tomcats,THI,,THI,Thiel College,,,#998643,#0D204A,http://a.espncdn.com/i/teamlogos/ncaa/500/2644.png,http://a.espncdn.com/i/teamlogos/ncaa/500-dark/2644.png
1000901,Third Air Force,,,,,,,,,,,
1000088,Tioga,,,,,,,,,,,
1000358,Toledo A.C.,,,,,,,,,,,
1000521,Tonkawa Preparatory,,,,,,,,,,,
1000499,Toronto All-Stars,,,,,,,,,,,
1000297,Transylvania,,,,,,,,,,,
2907,Trinity International (IL),Trojans,TRN,,TRN,Trinity Intl,,,,,http://a.espncdn.com/i/teamlogos/ncaa/500/2907.png,http://a.espncdn.com/i/teamlogos/ncaa/500-dark/2907.png
1000302,Trinity (Texas),,,,,,,,,,,
1000105,Troy Laureates,,,,,,,,,,,
1000296,Tulane Alumni,,,,,,,,,,,
1000341,Twin Cities Central High,,,,,,,,,,,
1000370,Twin Cities High,,,,,,,,,,,
1000731,UAY All-Stars,,,,,,,,,,,
2841,Union College,Dutchmen,UNI,Union,UNI,Union Ky College,,,#822433,#FFFFFF,http://a.espncdn.com/i/teamlogos/ncaa/500/2841.png,http://a.espncdn.com/i/teamlogos/ncaa/500-dark/2841.png
1000059,Union (NY),Dutchmen,,,,Union (NY),,,#822433,#FFFFFF,,
1000359,Union (Tennessee),,,,,,,,,,,
1000126,University Club of Chicago,,,,,,,,,,,
559,University of Mary,Marauders,MAR,,MAR,U of Mary,,,#000000,,http://a.espncdn.com/i/teamlogos/ncaa/500/559.png,http://a.espncdn.com/i/teamlogos/ncaa/500-dark/559.png
1000736,University of Mexico,,,,,,,,,,,
1000764,Upsala,,,,,,,,,,,
1000864,U.S. Amphibians,,,,,,,,,,,
1000890,U.S. International,,,,,,,,,,,
1000595,U.S. Marines,,,,,,,,,,,
1000658,US Recup. Company,,,,,,,,,,,
1000648,USS Boston,,,,,,,,,,,
1000455,USS Franklin,,,,,,,,,,,
1000683,USS Idaho,,,,,,,,,,,
1000700,USS Maryland,,,,,,,,,,,
1000652,USS Mercy,,,,,,,,,,,
1000592,USS Minnesota,,,,,,,,,,,
1000676,USS Mississippi,,,,,,,,,,,
1000711,USS New Mexico,,,,,,,,,,,
1000651,USS New York,,,,,,,,,,,
1000708,USS Oklahoma,,,,,,,,,,,
1000722,USS Tennessee,,,,,,,,,,,
1000638,USS Utah,,,,,,,,,,,
1000397,USS Washington,,,,,,,,,,,
1000418,Utah Alumni,,,,,,,,,,,
1000561,Utah Field Artillery,,,,,,,,,,,
1000501,Utah State Alumni,,,,,,,,,,,
1000560,Vancouver Barracks,,,,,,,,,,,
1000448,Vanderbilt Alumni,,,,,,,,,,,
1000505,Vedado A.C.,,,,,,,,,,,
1000060,Vermont,Catamounts,,,,Vermont,,,#005710,#FFC20E,,
1000260,Vermont Methodist Seminary,,,,,,,,,,,
1000494,Vicksburg A.C.,,,,,,,,,,,
1000489,Vigilant A.C.,,,,,,,,,,,
1000249,Vincennes,,,,,,,,,,,
1000091,Vineland,,,,,,,,,,,
1000441,Virginia Boat Club,,,,,,,,,,,
1000487,Virginia Medical,,,,,,,,,,,
1000511,Virginia Tech Alumni,,,,,,,,,,,
2676,Virginia Union,Panthers,VIR,,VIR,Virginia Union,,,#8F012D,#A4A4A4,http://a.espncdn.com/i/teamlogos/ncaa/500/2676.png,http://a.espncdn.com/i/teamlogos/ncaa/500-dark/2676.png
1000135,Volunteer A.C.,,,,,,,,,,,
1000780,Waco Field,,,,,,,,,,,
1000665,Wake Forest Freshmen,,,,,,,,,,,
1000222,Walton,,,,,,,,,,,
1000425,Warrenton Preparatory,,,,,,,,,,,
1000563,Washington Artillery,,,,,,,,,,,
1000443,Washington (Maryland),,,,,,,,,,,
1000812,Washington Redskins (NFL),,,,,,,,,,,
1000304,Washington YMCA,,,,,,,,,,,
1000306,Waterton,,,,,,,,,,,
1000327,Watertown,,,,,,,,,,,
1000230,Waukegan High,,,,,,,,,,,
1000761,Wayne State,,,,,,,,,,,
1000324,Welch Neck High,,,,,,,,,,,
1000372,Wendell Phillips High,,,,,,,,,,,
1000644,Wesley,,,,,,,,,,,
1000061,Wesleyan (CT),Cardinals,,,,Wesleyan (CT),,,#D72121,#000000,,
1000721,West Coast Army,,,,,,,,,,,
1000741,West Coast Navy,,,,,,,,,,,
1000308,West Denver High,,,,,,,,,,,
1000219,West Division High,,,,,,,,,,,
1000453,West End Amateurs,,,,,,,,,,,
1000223,Western (Iowa),,,,,,,,,,,
1000169,Western Reserve,,,,,,,,,,,
1000541,West Logan High,,,,,,,,,,,
1000384,Westminster (Missouri),,,,,,,,,,,
1000371,Westminster (Pennsylvania),,,,,,,,,,,
1000697,West Seattle A.C.,,,,,,,,,,,
1000405,West Texas Military,,,,,,,,,,,
1000422,Wetumpka,,,,,,,,,,,
1000181,Wheaton High,,,,,,,,,,,
1000877,White Sands,,,,,,,,,,,
1000196,White Squadron,,,,,,,,,,,
1000062,Whitman,Missionaries,,,,Whitman,,,,,,
1000063,Wichita State,Shockers,,,,Wichita State,,,#27251F,#FFCD00,,
1000369,William Jewell,,,,,,,,,,,
1000346,Williams Alumni,,,,,,,,,,,
1000865,Williams Field,,,,,,,,,,,
1000199,Williamsport,,,,,,,,,,,
1000095,Williston,,,,,,,,,,,
1000693,Wilmington,,,,,,,,,,,
1000484,Winchester,,,,,,,,,,,
1000207,Wisconsin Alumni,,,,,,,,,,,
1000433,Wisconsin Freshmen,,,,,,,,,,,
1000892,Wisconsin-Milwaukee,,,,,,,,,,,
1000298,Wisconsin-Oshkosh,,,,,,,,,,,
1000211,Wisconsin-Whitewater,,,,,,,,,,,
1000616,Wissahickon Barracks,,,,,,,,,,,
1000183,Worcester A.C.,,,,,,,,,,,
1000242,Worcester Academy,,,,,,,,,,,
1000475,Wyoming Alumni,,,,,,,,,,,
1000694,Wyoming Faculty,,,,,,,,,,,
1000098,Wyoming Seminary,,,,,,,,,,,
1000064,Xavier,Musketeers,,,,Xavier,,,#0C2340,#9EA2A2,,
1000085,Yale Alumni,,,,,,,,,,,
1000166,Yale Consolidated,,,,,,,,,,,
1000141,Yale Freshmen,,,,,,,,,,,
1000084,Yale/Princeton/Harvard Grads,,,,,,,,,,,
1000720,YMI,,,,,,,,,,,
1000197,York YMCA,,,,,,,,,,,
1000810,Yuma Field,,,,,,,,,,,
